'13159'  ,  KOLKATA JBN EXP
'12680'  ,  CHENNAI EXPRESS
'14214'  ,  GD BSB INTERCIT
'12562'  ,  SWATANTRTA S EX
'13301'  ,  SUBARNAREKHA EX
'18452'  ,  TAPASWINI EXPRE
'14731'  ,  DLI FKA EXP    
'15604'  ,  INTERCITY  EXP 
'17038'  ,  BKN SC EXP     
'53003'  ,  HWH MLDT F PASS
'16227'  ,  TALGUPPA EXP   
'15635'  ,  GUWAHATI EXPRES
'16592'  ,  HAMPI EXP      
'19313'  ,  INDB RJPB  EXP 
'12766'  ,  AMI TPTY SUP EX
'52587'  ,  KGN DJ NG TRAIN
'12339'  ,  COAL FIELD EXP 
'12208'  ,  KGM GARIB RATH 
'14002'  ,  ATTARI DLI EXP 
'16209'  ,  AII MYS EXPRESS
'13043'  ,  HWH RXL EXPRESS
'24370'  ,  TRIVENI EXP    
'12310'  ,  RJPB RAJDHANI  
'18419'  ,  PURI JYG EXP   
'12890'  ,  YPR TATA EXP   
'12381'  ,  POORVA EXPRESS 
'11046'  ,  DIKSHABHUMI EXP
'11108'  ,  BUNDELKHAND EXP
'12429'  ,  LKO NDLS AC SF 
'15636'  ,  DWARKA  EXPRESS
'11021'  ,  TIRUNELVELI EXP
'22182'  ,  NZM JBP SF EXP 
'14889'  ,  JU MBF LINK EXP
'11018'  ,  KIK LTT EXPRESS
'22851'  ,  MAQ VIVEK EXP  
'17407'  ,  PAMANI EXPRESS 
'19260'  ,  BVC KCVL EXP   
'02853'  ,  SUVIDHA SPECIAL
'12031'  ,  AMRITSAR SHTBDI
'05066'  ,  LJN CPR SPL    
'22201'  ,  DURONTO EXPRESS
'52549'  ,  JOYRIDE STEAM  
'15654'  ,  JAMMU GHY EXPRE
'56501'  ,  HUBLI PASS     
'12037'  ,  NDLS LDH SHTBDI
'57272'  ,  RGDA BZA PASS  
'18207'  ,  DURG AII EXP   
'12318'  ,  AKAL TAKHAT EXP
'22409'  ,  ANVT GARIB RATH
'12888'  ,  PURI HWH EXPRES
'15053'  ,  CPR LJN EXP    
'12985'  ,  DEE DOUBLE DCKE
'19712'  ,  BPL JAIPUR EXP 
'57549'  ,  AURANGABAD PSGR
'22472'  ,  BKN INTERCITY  
'12447'  ,  U P SMPRK KRNTI
'12179'  ,  LJN AGC INTRCIT
'13012'  ,  MLDT HWH INT EX
'11449'  ,  JAMMUTAWI EXP  
'12464'  ,  RJSTHN S KRNTI 
'14260'  ,  BSB RMM EXPRESS
'12340'  ,  COALFIELD EXP  
'12962'  ,  AVANTIKA EXP   
'12428'  ,  ANVT REWA EXP  
'12113'  ,  NAGPUR GARIBRAT
'12850'  ,  PA BILASPUR EXP
'16331'  ,  TRIVANDRAM EXP 
'22843'  ,  BSP PNBE EXP   
'12675'  ,  KOVAI EXPRESS  
'12102'  ,  JNANESWARISUPDL
'18421'  ,  PURI AJMER EXP 
'12148'  ,  NZM KOP EXP    
'53172'  ,  LGL SDAH PASS  
'22108'  ,  LATUR CSTM EXP 
'13247'  ,  DNR CAPITAL EXP
'12472'  ,  SWARAJ EXPRESS 
'17412'  ,  MAHALAXMI EXP  
'54801'  ,  JU AII FAST PAS
'08302'  ,  YPR SBP EXP    
'12875'  ,  NEELACHAL EXP  
'18181'  ,  TATA CPR EXP   
'15315'  ,  GOKUL EXP      
'17313'  ,  MAS HUBLI EXP  
'12712'  ,  PINAKINI EXP   
'56101'  ,  CHENNAI EXPRESS
'22387'  ,  BLACKDIAMOND EX
'16032'  ,  ANDAMAN EXPRESS
'22932'  ,  JSM BDTS SF    
'11448'  ,  SHAKTIPUNJ EXP 
'12186'  ,  REWANCHAL EXP  
'12662'  ,  POTHIGAI   EXP 
'16713'  ,  RAMESWARAM EXP 
'18029'  ,  LTT SHALIMAR EX
'12921'  ,  FLYING RANEE   
'12377'  ,  PADATIK EXPRESS
'22631'  ,  ANUVRATEXPRESS 
'53048'  ,  VISWABHARTI PAS
'18047'  ,  AMARAVATHI EXP 
'12273'  ,  NDLS   DURONTO 
'06336'  ,  GUWAHATI EXP   
'11090'  ,  PUNE BGKT EXP  
'12775'  ,  COCANADA EXP   
'83132'  ,  DNR GRD LINK EX
'12036'  ,  AF JP SHATABDI 
'12193'  ,  YPR JBP EXP    
'57257'  ,  KAKINADA PSGR  
'22308'  ,  BKN HWH SUPFAST
'12980'  ,  JP BDTS SUP EXP
'12786'  ,  KACHEGUDA EXP  
'12149'  ,  PUNE PATNA EXP 
'51702'  ,  REWA JBP PASS  
'21108'  ,  BSB KURJ LINK E
'19215'  ,  SAURASHTRA EXP 
'12338'  ,  SANTINIKETANEXP
'14646'  ,  SHALIMAR EXP   
'16862'  ,  PUDUCHERRY EXP 
'16562'  ,  KCVL YPR AC EXP
'12810'  ,  HWH MUMBAI MAIL
'12252'  ,  WAINGANGA EXP  
'17207'  ,  SNSI BZA EXP   
'22603'  ,  KGP VM SF EXP  
'59075'  ,  BHUSAVAL PASS  
'12312'  ,  KALKA MAIL     
'12373'  ,  SDAH RPH INTRCT
'15054'  ,  LJN CPR EXP    
'16313'  ,  CANNANORE EXP  
'12322'  ,  KOLKATA MAIL   
'16687'  ,  NAVYUG EXP     
'07718'  ,  PUSHKARAM SPL  
'14556'  ,  BAREILLY EXP   
'15653'  ,  AMARNATH EXPRES
'22476'  ,  BIKANER AC EXP 
'19225'  ,  BTI JAT EXP    
'12122'  ,  M P SMPRK KRNTI
'29020'  ,  DEHRADUN EXPRES
'12166'  ,  BSB LTT SUP EXP
'16351'  ,  NAGARCOIL EXP  
'15644'  ,  KYQ PURI EXPRES
'12009'  ,  SHATABDI EXP   
'19270'  ,  PBR EXPRESS    
'12944'  ,  UDHYOGKARMI EXP
'11423'  ,  SUR HUBLI EXP  
'15035'  ,  UTR SAMPRK K EX
'16360'  ,  PNBE ERS EXPRES
'12615'  ,  GRAND TRUNK EXP
'12077'  ,  JAN SHATABDI   
'12136'  ,  NAGPUR PUNE EXP
'14317'  ,  IND DDN EXPRESS
'58014'  ,  BKSC HWH  PAS  
'12150'  ,  PNBE PUNE EXP  
'11053'  ,  LTT AZAMGARH EX
'18006'  ,  KORAPUT HWH EXP
'14209'  ,  BDL LKO INTRCTY
'11304'  ,  KOP HYB EXPRESS
'12250'  ,  NDLS HWH YUVA  
'19607'  ,  AII WKLY EXP   
'17308'  ,  BASAVA EXPRESS 
'19716'  ,  LJN JP EXP     
'16054'  ,  MADRAS EXPRESS 
'08244'  ,  BGKT BSP SPL   
'12152'  ,  SAMARSATA EXP  
'22481'  ,  JU DEE SUP     
'58230'  ,  REWA BSP F PASS
'12129'  ,  AZAD HIND EXP  
'59802'  ,  JP RTM FASTPASS
'12052'  ,  JAN SHATABDI EX
'58220'  ,  CHRM BSP PASS  
'14504'  ,  SVDK KLK EXP   
'12357'  ,  DURGIANA EXP   
'15719'  ,  INTERCITY      
'12363'  ,  KOAA HDB SUPF E
'57229'  ,  MTM VSKP PASSR 
'12904'  ,  GOLDN TEMPLE ML
'12143'  ,  LTT SLN SUP EXP
'16733'  ,  RMM OKHA EXPRES
'08245'  ,  BSP BKN SPECIAL
'12225'  ,  KAIFIYAT EXP   
'12286'  ,  NZM SC DURONTO 
'18303'  ,  SBP PURI INT EX
'18101'  ,  TATA JAT EXP   
'22807'  ,  SRC  MAS AC EXP
'22309'  ,  HWH NJP AC EXP 
'12594'  ,  LJN GARIB RATH 
'14525'  ,  SGNR INTERCITY 
'16523'  ,  KARWAR  EXP    
'16594'  ,  SBC NANDED EXP 
'18463'  ,  PRASANTHI EXP  
'12717'  ,  RATNACHALAM EXP
'12244'  ,  SHATABDI EXP   
'14265'  ,  BSB DDN EXP    
'56138'  ,  ONR UAM PASSR  
'59811'  ,  HALDIGHATI PASS
'12116'  ,  SIDDHESWAR EXP 
'13239'  ,  PNBE KOTA EXP  
'14205'  ,  FD DLI EXP     
'12690'  ,  NCJ CHENNAI EXP
'12276'  ,  ALD DURONTO EXP
'12516'  ,  GHY TVC EXPRESS
'22626'  ,  MAS DOUBLE DECK
'14033'  ,  JAMMU MAIL     
'12336'  ,  BHAGALPUR EXP  
'11087'  ,  VERAVAL PUNE EX
'12818'  ,  JHARKHAND EXPRE
'22694'  ,  BANGLORE RAJDHN
'12352'  ,  DANAPUR HWH EXP
'12996'  ,  UDZ BDTS SF EXP
'12740'  ,  VSKP GARIB RATH
'12492'  ,  MAUR DHAWAJ EXP
'23010'  ,  DOON EXXPRESS  
'15715'  ,  GARIB NAWAJ EXP
'13049'  ,  AMRITSAR EXP   
'12669'  ,  GANGAKAVERI EXP
'13141'  ,  TESTA TORSA EXP
'12878'  ,  NDLS RNC G RATH
'12923'  ,  INDB NAGPUR EXP
'12910'  ,  BDTS GARIB RATH
'53049'  ,  HWH MKA PAS    
'12655'  ,  NAVJEEVAN EXP  
'14114'  ,  LINK EXPRESS   
'22692'  ,  BANGLORE RJDHNI
'11050'  ,  AHMEDABAD EXP  
'18210'  ,  R DRZ EXPRESS  
'59442'  ,  AHMEDABAD PASS 
'59812'  ,  HALDIGHATI PASS
'05116'  ,  SVDK CPR SPL   
'29060'  ,  SURAT INTERCITY
'12418'  ,  PRAYAG RAJ EXP 
'02512'  ,  KYQ PUNE SPECIA
'13135'  ,  KOAA JYG EXP   
'22847'  ,  VSKP LTT EXPRES
'10002'  ,  SATPURA EXPRESS
'17312'  ,  VSG CHENNAI EXP
'12543'  ,  TIRUPATHI EXP  
'13157'  ,  TIRHUT EXPRESS 
'18192'  ,  UTSARG EXP     
'15616'  ,  INTERCITY EXP  
'12591'  ,  GKP YPR EXPRESS
'13006'  ,  ASR HWH MAIL   
'12369'  ,  KUMBHA EXPRESS 
'12578'  ,  BAGMATI EXPRESS
'19051'  ,  SHRAMIK EXPRESS
'18624'  ,  HTE RJPB EXP   
'12774'  ,  SC SHM AC  EXP 
'25910'  ,  NTSK JIVACHH LI
'17235'  ,  NAGERCOIL EXP  
'12207'  ,  JAMMU GARIB RAT
'12240'  ,  JP BCT DURONTO 
'12730'  ,  PUNE EXPRESS   
'11452'  ,  INTERCITY EXP  
'52228'  ,  TPU ASH EXPRESS
'14227'  ,  VARUNA EXPRESS 
'12882'  ,  PURI HWH G RATH
'13288'  ,  SOUTH BIHAR EXP
'12947'  ,  AZIMABAD EXPRES
'19307'  ,  CHANDIGARH EXP 
'17226'  ,  AMARAVATI EXP  
'53047'  ,  VISWAVARATI PAS
'59386'  ,  PANCHVALLEY  PA
'17213'  ,  NS NSL EXP     
'18473'  ,  PURI JU EXPRESS
'12610'  ,  CHENNAI EXPRESS
'14005'  ,  LICHCHAVI EXP  
'28182'  ,  KIR TATA LNK EX
'18409'  ,  SRIJAGANNATHEXP
'07239'  ,  PUSHKARAM SPL  
'19653'  ,  RATLAM AJMER EX
'12491'  ,  MOUR DHWAJ EXP 
'22462'  ,  SHRI SHAKTI EXP
'59026'  ,  SURAT FAST PASS
'08891'  ,  BSP SVDK SPL   
'12180'  ,  LJN  INTERCITY 
'54601'  ,  HSR ASR PSNGR  
'12405'  ,  GONDWANA EXPRES
'22855'  ,  SRC TPTY SF EXP
'12384'  ,  INTERCITY  EXP 
'59394'  ,  HBJ DHD FAST PA
'29059'  ,  HAPA INTERCITY 
'57130'  ,  HYB BJP PSGR   
'17064'  ,  AJANTA EXPRESS 
'11038'  ,  GKP PUNE EXPRES
'12196'  ,  AII AF INTERCIT
'52572'  ,  HIMALAYAN WHEEL
'59821'  ,  KOTA BIX PASS  
'12807'  ,  SAMTA EXPRESS  
'22892'  ,  RNC HWH INT EXP
'52994'  ,  AK MHOW  F  PAS
'12205'  ,  NANDA DEVI EXP 
'12650'  ,  KTK SMPRK K EXP
'12438'  ,  NZM SC RJDHNI  
'19328'  ,  UDZ RATLAM EXP 
'18191'  ,  UTSARG EXP     
'12223'  ,  LTT ERS DURONTO
'12044'  ,  NDLS SHATABDI  
'12505'  ,  NORTH EAST EXP 
'22457'  ,  NED UHL SF EXP 
'12705'  ,  GNT SC EXP     
'52974'  ,  AK UJN FAST PAS
'58114'  ,  BSP TATA PASS  
'13509'  ,  ASN GD EXPRESS 
'12519'  ,  LTT KYQ AC EXP 
'19017'  ,  SAU JANATA EXP 
'12294'  ,  ALD LTT DURONTO
'15116'  ,  DLI CPR EXP    
'12345'  ,  SARAIGHAT EXP  
'12630'  ,  YPR S KRNTI EXP
'19020'  ,  DEHRADUN EXP   
'12593'  ,  LJN BPL G R    
'51402'  ,  MMR PUNE PASS  
'13307'  ,  GANGASUTLEJ EXP
'15028'  ,  MAURYA EXPRESS 
'13106'  ,  BUI SDAH EXP   
'51033'  ,  SHIRDI FAST PAS
'19039'  ,  AVADH EXPRESS  
'22622'  ,  CAPE RMM EXP   
'22933'  ,  BDTS JP SF EXP 
'12069'  ,  JANSHATABDI EXP
'12172'  ,  HW LTT AC SF   
'12640'  ,  BRINDAVAN EXP  
'19065'  ,  BDTS BGKT EXP  
'22804'  ,  SBP HWH SUP EXP
'12285'  ,  NZM DURONTO  EX
'12781'  ,  SWARNA JAYANTHI
'59801'  ,  KOTA JAIPUR PAS
'16102'  ,  CHENNAI EXPRESS
'50103'  ,  RATNAGIRI PASS 
'16182'  ,  SILAMBU EXPRESS
'18449'  ,  B NATH DHAM EXP
'19056'  ,  JU BL EXPRESS  
'13484'  ,  FARAKKA EXPRESS
'13137'  ,  KOAA AMH EXPRES
'12367'  ,  VIKRAMSHILA EXP
'12327'  ,  UPASANA EXPRESS
'14307'  ,  PRG BE EXPRESS 
'25014'  ,  CORBET PRK LINK
'54703'  ,  ABS JU PASSENGR
'59014'  ,  SURAT PASSENGER
'22879'  ,  BBS TPTY SUP EX
'12170'  ,  PUNE INTERCITY 
'04415'  ,  BJU NDLS AC SPL
'22114'  ,  KCVL LTT SF EXP
'12776'  ,  COCANADA EXP   
'17651'  ,  KACHEGUDA  EXP 
'57478'  ,  GTL TPTY PASS  
'13233'  ,  RAJGRIHA EXPRES
'01152'  ,  DHI CSN T F SPL
'22859'  ,  PURI CHENNAI EX
'16591'  ,  HAMPI EXPRESS  
'19202'  ,  PBR SC EXPRESS 
'17401'  ,  TPTY MTM NS EXP
'16206'  ,  TALGUPPA EXP   
'12034'  ,  NDLS CNB SHT   
'16093'  ,  LUCKNOW EXP    
'13114'  ,  HAZARDUARI EXP 
'22856'  ,  TPTY SRC SUP EX
'18415'  ,  BBN PURI EXP   
'12846'  ,  BHUBANESHWAR EX
'24042'  ,  MUSSOORIE EXP  
'17606'  ,  KCG  MAQ  EXP  
'12716'  ,  ASR NED EXPRESS
'18201'  ,  DURG NTV EXP   
'15203'  ,  BJU LJN EXP    
'54077'  ,  BE DLI PSNGR   
'17404'  ,  NS  TPTY EXP   
'12174'  ,  UDYOG NAGRI EXP
'13103'  ,  BHAGIRATHI EXP 
'18621'  ,  PATLIPUTRA EXP 
'58701'  ,  SDL ABKP PASS  
'17408'  ,  TIRUPATI EXPRES
'12321'  ,  HWH MUMBAI MAIL
'12683'  ,  BANGALORE SF EX
'18239'  ,  GAD NGP EXP    
'18477'  ,  UTKAL EXPRESS  
'14887'  ,  KLK BME EXPRESS
'17644'  ,  CIRCAR EXP     
'22876'  ,  PRR KGP EXP    
'13053'  ,  HWH SURI EXP   
'15910'  ,  AVADH ASSAM EXP
'52574'  ,  JOYRIDE DIESEL 
'15622'  ,  ANVT KYQ EXPRES
'12316'  ,  ANANYA EXPRESS 
'12565'  ,  BIHAR S KRANTI 
'08502'  ,  SC VSKP SPL    
'12118'  ,  MANMAD LTT EXP 
'12452'  ,  SHRAM SHKTI EXP
'19402'  ,  LKO ADI EXP    
'04405'  ,  LKO NDLS SPL   
'15057'  ,  GKP ANVT EXP   
'12291'  ,  YPR CHENNAI EXP
'14659'  ,  DLI JSM EXPRESS
'12552'  ,  KYQ YPR AC EXP 
'12137'  ,  PUNJAB MAIL    
'22808'  ,  MAS SRC AC EXP 
'18010'  ,  SANTRAGACHI EXP
'22829'  ,  BHUJ SHM EXP   
'52571'  ,  RED PANDA      
'25631'  ,  BKN GHY EXPRESS
'12393'  ,  S KRANTI SUP EX
'16345'  ,  NETRAVATI EXP  
'11303'  ,  HYB KOP EXPRESS
'14732'  ,  FKA DLI EXP    
'22412'  ,  NDLS NHLN AC SF
'13134'  ,  BSB SDAH EXPRES
'12168'  ,  BSB LTT SUP EXP
'56502'  ,  UBL BZA PASSR  
'12728'  ,  GODAVARI EXP   
'14215'  ,  GANGA GOMTI EXP
'19224'  ,  JAT ADI EXPRESS
'16218'  ,  SNSI MYS EXPRES
'11203'  ,  NGP JAIPUR EXP 
'12808'  ,  SAMTA EXPRESS  
'12414'  ,  JAMMU AII EXP  
'22828'  ,  SURAT PURI EXP 
'12508'  ,  GHY TVC EXPRESS
'12325'  ,  KOAA NLDM EXP  
'12977'  ,  MARU SAGAR EXP 
'18478'  ,  KALINGAUTKALEXP
'12450'  ,  GOA SMPRK K EXP
'12804'  ,  VSKP SWRN J EXP
'53520'  ,  GRD LINK PAS EX
'17620'  ,  NED AWB EXP    
'12007'  ,  SHATABDI EXP   
'14151'  ,  CNB ANVT EXP   
'14724'  ,  KALINDI EXPRESS
'19023'  ,  FZR JANATA EXP 
'12210'  ,  CNB GARIB RATH 
'12911'  ,  BL HARIDWAR EXP
'12261'  ,  HOWRAH DURONTO 
'04942'  ,  SVDK LKO SPL   
'59077'  ,  BHUSAVAL PASS  
'19420'  ,  ADI CHENNAI EXP
'52547'  ,  JOYRIDE STEAM  
'22831'  ,  HWH SSPN EXPRES
'18517'  ,  KRBA VSKP EXP  
'12020'  ,  SHATABDI EXPRES
'12542'  ,  LTT GKP SUP EXP
'52993'  ,  MHOW AK FAST PA
'15605'  ,  JTTN INTERCITY 
'12201'  ,  KCVL GARIB RATH
'12734'  ,  NARAYANADRI EXP
'15716'  ,  GARIB NAWAJ EXP
'83131'  ,  GRD DNR LINK   
'12054'  ,  ASR HW JNSHTBDI
'12040'  ,  ANVT KGM SHT   
'22132'  ,  GYAN GANGA SF  
'10215'  ,  MADGAON ERS EXP
'12195'  ,  AF AII INTERCIT
'15930'  ,  DBRG MS EXPRESS
'22117'  ,  KCG DOUBLE DECK
'12770'  ,  SEVEN HILLS EXP
'56264'  ,  MYSORE PASS    
'22816'  ,  ERS BILASPUR EX
'12633'  ,  KANYAKUMARI EXP
'22119'  ,  KCG DOUBLE DECK
'58865'  ,  BTC JBP PASS   
'15640'  ,  GHY PURI EXPRES
'51028'  ,  FAST PASSENGER 
'04401'  ,  ANVT SVDK SPL  
'14710'  ,  PURI BKN EXPRES
'18001'  ,  KANDARI EXPRESS
'12673'  ,  CHERAN EXPRESS 
'14682'  ,  JUC NDLS EXPRES
'04735'  ,  BKN HW SPL     
'11067'  ,  SAKET EXPRESS  
'11008'  ,  DECCAN EXPRESS 
'12359'  ,  PNBE GARIB RATH
'12901'  ,  GUJARAT MAIL   
'19944'  ,  ADI UDZ EXPRESS
'12773'  ,  SHM SC AC  EXP 
'11016'  ,  KUSHINAGAR EXP 
'19040'  ,  AVADH EXPRESS  
'11023'  ,  SAHYADRI EXPRES
'13512'  ,  TATANAGAR  EXP 
'13423'  ,  BGP AII EXPRESS
'19578'  ,  HAPA TEN EXPRES
'16057'  ,  SAPTHAGIRI EXP 
'13120'  ,  DLI  SDAH EXP  
'52546'  ,  JOYRIDE DIESEL 
'12989'  ,  AJMER EXPRESS  
'14322'  ,  BAREILLY EXPRES
'16177'  ,  ROCK FORT EXP  
'22604'  ,  KHARAGPUR EXP  
'12515'  ,  GUWAHATI EXP   
'22106'  ,  INDRAYANI EXP  
'12687'  ,  DEHRADUN EXP   
'12681'  ,  COIMBATORE EXP 
'13245'  ,  CAPITAL EXPRESS
'12484'  ,  ASR KCVL EXPRES
'16535'  ,  GOLGUMBAZ EXP  
'12925'  ,  PASCHIM EXPRESS
'22214'  ,  DURONTO EXPRESS
'12372'  ,  JSM HWH SF EXP 
'12032'  ,  AMRITSAR SHTBDI
'13163'  ,  HATE BAZARE EXP
'51455'  ,  PUNE SUR PASS  
'16343'  ,  AMRITHA EXPRESS
'12828'  ,  PRR HWH EXP    
'52548'  ,  JOYRIDE STEAM  
'17643'  ,  CIRCAR EXP     
'16724'  ,  ANANTAPURI EXP 
'18502'  ,  GIMB VSKP EXP  
'09807'  ,  KOTA NZM SUP SP
'22453'  ,  RAJYA RANI EXP 
'12395'  ,  ZIYARAT EXPRESS
'11105'  ,  PRATHAM S S EXP
'13007'  ,  U ABHATOOFAN EX
'15012'  ,  CDG LJN EXPRESS
'19264'  ,  DEE PORBNDR EXP
'14224'  ,  BUDHPURNIMA EXP
'50106'  ,  SWV DIVA PASS  
'12337'  ,  SANTINIKATANEXP
'19226'  ,  JAT BTI EXP    
'12526'  ,  DBRG KOAA EXP  
'22184'  ,  HBJ DOUBLE DECK
'12304'  ,  POORVA EXPRESS 
'16318'  ,  HIMSAGAR EXP   
'19403'  ,  SULTANPUR EXP  
'17025'  ,  MUGR SC EXPRESS
'15052'  ,  GKP KOLKATA EXP
'12301'  ,  KOLKATA RAJDHNI
'18111'  ,  TATA YPR EXP   
'16517'  ,  KANNUR  EXP    
'22645'  ,  AHILYANAGARI EX
'11044'  ,  LOKAMANYA TT EX
'13483'  ,  FARAKKA EXPRESS
'16339'  ,  NAGARCOIL EXP  
'18309'  ,  NAGAVALI EXPRES
'17229'  ,  SABARI EXPRESS 
'16859'  ,  MS MANGALORE EX
'12616'  ,  G T EXPRESS    
'13026'  ,  BPL HOWRAH EXP 
'05028'  ,  SUVIDHA SPL    
'19324'  ,  INDB INTERCITY 
'15647'  ,  GUWAHATI EXPRES
'17201'  ,  GOLCONDA EXP   
'15657'  ,  KANCHANJANGA EX
'16524'  ,  BANGALORE EXP  
'12509'  ,  GUWAHATI EXP   
'12760'  ,  CHARMINAR EXP  
'12685'  ,  MANGALORE EXP  
'13050'  ,  ASR HWH EXPRESS
'17605'  ,  MAQ KCG EXPRESS
'04402'  ,  SVDK ANVT SPL  
'58219'  ,  BSP CHRM PASS  
'12557'  ,  SAPT KRANTI EXP
'19418'  ,  ALD ADI EXP    
'17017'  ,  RJT SC EXPRESS 
'13242'  ,  RJPB BANKA EXP 
'12525'  ,  KOAA DBRG EXP  
'12498'  ,  SHANE PUNJAB   
'12245'  ,  HWH YPR DURONTO
'14555'  ,  BAREILLY DLI EX
'12056'  ,  NDLS JANSHATABD
'24512'  ,  KRJ ALD LINK EX
'57515'  ,  DAUND NANDED PA
'12431'  ,  RAJDHANI EXP   
'22615'  ,  TPTY CBE  EXP  
'13119'  ,  SDAH  DLI EXP  
'19022'  ,  LJN BDTS EXP   
'58529'  ,  DURG VSKP PGR  
'22410'  ,  GAYA GARIB RATH
'12843'  ,  PURI  ADI EXP  
'22628'  ,  TPJ EXPRESS    
'12479'  ,  SURYA NAGRI EXP
'22917'  ,  HARIDWAR EXP   
'53139'  ,  KOAA JSME PGS  
'09627'  ,  AII DEE SF SPL 
'12772'  ,  NGP SC SUP EXP 
'12421'  ,  NED ASR SUP EXP
'54078'  ,  DLI BE PASSENGR
'22208'  ,  SUPER AC EXP   
'17231'  ,  NS NSL EXP     
'16533'  ,  BGKT SBC EXPRES
'16572'  ,  BIDR YPR EXP   
'12622'  ,  TAMIL NADU EXP 
'16507'  ,  BGKT SBCEXP    
'18009'  ,  SRC AII EXPRESS
'12434'  ,  CHENNAI RAJDHNI
'22940'  ,  BSP HAPA  SF EX
'12601'  ,  MANGALORE MAIL 
'12707'  ,  A P SMPRK KRNTI
'12277'  ,  SATABDI EXPRESS
'22870'  ,  VISAKAPATNAM EX
'12209'  ,  KGM GARIB RATH 
'57563'  ,  HYB PBN PAS    
'12134'  ,  MUMBAI EXP     
'18240'  ,  NGP BILASPUR EX
'13238'  ,  KOTA PNBE EXP  
'19321'  ,  INDB RJPB EXP  
'12518'  ,  KOL GARIB RATH 
'12842'  ,  COROMANDEL EXP 
'11073'  ,  LTT CHENNAI  EX
'12540'  ,  LKO YPR SUP EXP
'12128'  ,  INTERCITY EXP  
'12461'  ,  MANDOR EXPRESS 
'17015'  ,  VISAKHA EXPRESS
'11453'  ,  PRERANA EXPRESS
'16856'  ,  PUDUCHERRY EXP 
'54833'  ,  JP HSR PASS    
'23142'  ,  TEESTA TORSA EX
'11068'  ,  SAKET EXPRESS  
'12812'  ,  HTE LTT SUPER  
'03401'  ,  BGP DNR SPECIAL
'12389'  ,  GAYA MS EXPRESS
'12602'  ,  CHENNAI MAIL   
'18238'  ,  CHHATISGARH EXP
'14266'  ,  DDN BSB EXPRESS
'14803'  ,  BGKT ADI EXPRES
'19107'  ,  JANMABHOOMI  EX
'15110'  ,  BUDHPURNIMA EXP
'16587'  ,  YPR BKN EXP    
'12779'  ,  GOA EXPRESS    
'16561'  ,  KOCHUVELI  ACEX
'11272'  ,  VINDHYACHAL EXP
'12634'  ,  KANYAKUMARI EXP
'18302'  ,  RGDA SBP EXPRES
'22624'  ,  CHENNAI EXPRESS
'17212'  ,  KONDAVEEDU EXP 
'12916'  ,  ASHRAM EXPRESS 
'04404'  ,  ANVT LKO SPL   
'09628'  ,  DEE AII SF SPL 
'12084'  ,  JAN SHATABDI EX
'15097'  ,  AMARNATH EXP   
'19575'  ,  OKHA  NDT EXP  
'57620'  ,  KCG RAL FASTPAS
'13113'  ,  HAZARDUARI EXP 
'16536'  ,  GOLGUMBAZ EXP  
'12130'  ,  AZAD HIND EXP  
'22213'  ,  SHM PNBE DURONT
'11012'  ,  NED LTT EXPRESS
'16354'  ,  KACHEGUDA EXP  
'22181'  ,  JBP  NZM EXPRES
'59207'  ,  BVC OKHA PASS  
'12560'  ,  SHIV GANGA EXP 
'19404'  ,  SLN ADI EXP    
'14013'  ,  SLN DLI EXP    
'12617'  ,  MANGALA LDWEEP 
'14605'  ,  GARIB RATH EXP 
'19805'  ,  KOTA UHP EXPRES
'11126'  ,  GWL INDB EXPRES
'15630'  ,  GUWAHATI MS EXP
'16508'  ,  JODHPUR EXPRESS
'12341'  ,  AGNIBINA EXPRES
'12649'  ,  SAMPARK KRANTI 
'12251'  ,  WAINGANGA EXP  
'12589'  ,  GKP SC EXPRESS 
'14055'  ,  BRAHMPUTRA MAIL
'16613'  ,  COIMBATORE EXP 
'18411'  ,  INTER CITY EXP 
'51451'  ,  PUNE BRMT PASS 
'53004'  ,  MLDT HWH F PAS 
'56640'  ,  MADGAON PASSR  
'11208'  ,  REWA NAGPUR EXP
'12046'  ,  CDG NDLS SHTBDI
'19302'  ,  YPR  INDB EXP  
'12289'  ,  NAGPUR DURONTO 
'15904'  ,  CDG DBRG EXPRES
'12715'  ,  SACHKHAND EXP  
'12229'  ,  LUCKNOW MAIL   
'15228'  ,  MFP YPR EXP    
'15232'  ,  GONDIA BJU EXP 
'12347'  ,  RAMPURHAT EXP  
'12426'  ,  JAMMU RAJDHANI 
'12061'  ,  JBP JANSHATABDI
'54834'  ,  HSR JP PASS    
'01151'  ,  CSN DHI T F SPL
'59385'  ,  PANCHVALLEY PAS
'12718'  ,  RATNACHAL EXP  
'12292'  ,  YESVANTPUR EXP 
'22602'  ,  SNSI CHENNAI EX
'12433'  ,  RAJDHANI EXP   
'14321'  ,  BE BHUJ EXP    
'12197'  ,  GWL INTERCITY  
'12548'  ,  AGRA SUPER FAST
'12792'  ,  PNBE SC EXP    
'12926'  ,  PASCHIM EXPRESS
'16231'  ,  MYSORE EXPRESS 
'19567'  ,  VIVEK EXP      
'13188'  ,  RPH SDAH EXP   
'18516'  ,  VSKP TATA EXP  
'22681'  ,  CHENNAI EXPRESS
'09722'  ,  UDZ JP SF SPL  
'12691'  ,  SSPN EXPRESS   
'22871'  ,  BBS TPTY EXPRES
'12468'  ,  LEELAN EXP     
'17604'  ,  KACHEGUDA EXP  
'22118'  ,  GNT DOUBLE DECK
'52455'  ,  HIMALYAN QUEEN 
'22104'  ,  FD LTT SF EXP  
'12065'  ,  NZM JAN SHATABD
'19166'  ,  SABARMATI EXP  
'15934'  ,  ASR DBRG EXPRES
'08449'  ,  BBS PNBE SPL   
'15033'  ,  HW RMR EXP     
'16532'  ,  GARIB NAWAZ EXP
'13346'  ,  BSB INTERCITY E
'16317'  ,  HIMSAGAR EXP   
'12216'  ,  DEE GARIBRATH  
'08892'  ,  SVDK BSP SPL   
'22107'  ,  CSTM LATUR EXP 
'11111'  ,  GD SUSHASAN EXP
'16229'  ,  MYS BSB EXP    
'11035'  ,  SHARAVATHI EXP 
'14310'  ,  UJJAIYANI EXP  
'19602'  ,  NJP UDZ EXPRESS
'22640'  ,  CHENNAI EXPRESS
'12637'  ,  PANDIAN EXP    
'18401'  ,  PURI OKHA EXP  
'12693'  ,  PEARL CITY EXP 
'16341'  ,  TRIVANDRUM EXP 
'12185'  ,  REWANCHAL EXP  
'18437'  ,  BBS BWIP LINK E
'15098'  ,  AMARNATH EXP   
'01156'  ,  PVR NAVI KMN SP
'19203'  ,  BDTS BVC EXP   
'12853'  ,  AMARKANTAK EXP 
'11032'  ,  BJP SUR EXP    
'12885'  ,  ARANYAK EXPRESS
'22110'  ,  NZM LTT AC EXP 
'22680'  ,  SVDK YPR PREMIU
'52456'  ,  HIMALYAN  QUEEN
'12159'  ,  AMI JBP SUP EXP
'16311'  ,  BKN KCVL EXPRES
'12106'  ,  VIDARBHA EXPRES
'58221'  ,  CHRM CHD PGR   
'12476'  ,  JAT HAPA EXP   
'12782'  ,  SWARNA JAYANTHI
'22801'  ,  VSKP MAS SF EXP
'17652'  ,  KCG MS EXP     
'16864'  ,  MQ BGKT EXP    
'15115'  ,  CPR DLI EXP    
'12139'  ,  SEWAGRAM  EXP  
'13419'  ,  JANASEWA EXPRES
'12380'  ,  JALIANWALA B EX
'12909'  ,  NZM GARIB RATH 
'12214'  ,  YPR DURONTO EXP
'16180'  ,  MANNAI EXP     
'03402'  ,  DNR BGP SPL    
'15048'  ,  PURVANCHAL EXP 
'14206'  ,  DLI FD EXP     
'22844'  ,  PNBE BSP EXPRES
'22637'  ,  WEST COAST EXP 
'14115'  ,  ALD HW EXP     
'12604'  ,  CHENNAI EXP    
'12523'  ,  NJP NDLS EXPRES
'12993'  ,  GIMB PURI EXP  
'01713'  ,  LTT HBJ SUP SPL
'18416'  ,  PURI KDJR EXP  
'18404'  ,  BBN CKP INT EXP
'14714'  ,  JAT SGNR EXP   
'17239'  ,  SIMHADRI EXP   
'19031'  ,  YOGA EXPRESS   
'22830'  ,  SHM BHUJ  SF EX
'13465'  ,  INTERCITY EXP  
'14649'  ,  SARYU YAMUNA EX
'17210'  ,  SHESHADRI EXP  
'11464'  ,  JBP SOMNATH EXP
'12722'  ,  DAKSHIN EXPRESS
'13201'  ,  RJPB LTT EXP   
'13345'  ,  SGRL INTERCITY 
'07724'  ,  PUSHKARAM SPL  
'09721'  ,  JP UDZ SF SPL  
'12392'  ,  SHRAMJEVI N EXP
'12764'  ,  PADMAVATI EXP  
'12008'  ,  SHATABDI EXP   
'22407'  ,  BSB ANVT G RATH
'22882'  ,  BBS PUNE EXP   
'18211'  ,  DURG JDB EXP   
'12356'  ,  ARCHANA EXPRESS
'19608'  ,  AII KOAA EXP   
'13226'  ,  INTERCITY EXPRE
'11029'  ,  KOYNA EXPRESS  
'19401'  ,  ADI LUCKNOW EXP
'11402'  ,  NANDIGRAM  EXP 
'15022'  ,  GKP SHM EXPRESS
'13331'  ,  DHN PNBE EXPRES
'55602'  ,  LMG KYQ PASS   
'15662'  ,  KYQ RNC EXPRESS
'19314'  ,  INDORE EXPRESS 
'12315'  ,  ANNANYA  EXPRES
'11407'  ,  PUNE LJN EXPRES
'11006'  ,  CHALUKYA  EXP  
'17035'  ,  KAGHAZNAGAR EXP
'11102'  ,  GWL PUNE EXP   
'04802'  ,  JSM JU SPL     
'19409'  ,  GORAKHPUR EXP  
'22115'  ,  LTT KRMI AC SUP
'59025'  ,  ST AMRAVATI PAS
'12628'  ,  KARNATAKA EXP  
'22982'  ,  SGNR KOTA SF   
'12510'  ,  GHY SBC EXPRESS
'51421'  ,  PUNE NZB PASS  
'11058'  ,  ASR CSTM  EXP  
'18696'  ,  RJPB IPR EXPRES
'15107'  ,  CPR MTJ EXPRESS
'22848'  ,  LTT VSKP SUP EX
'15009'  ,  CHITRAKUT  EXP 
'11202'  ,  AJNI LTT EXPRES
'11064'  ,  SA CHENNAI EXP 
'17310'  ,  YPR BIWEEKLY EX
'51433'  ,  NZB PVR PASS   
'22627'  ,  TIRUNELVELI EXP
'15316'  ,  GOKUL EXPRESS  
'12424'  ,  DBRT RAJDHANI  
'14036'  ,  DHAULADHAR EXP 
'19131'  ,  KUTCH EXPRESS  
'01428'  ,  MRJ TKL FARE PA
'00852'  ,  BNC BBS SUVIDHA
'59441'  ,  AHMEDABAD PASS 
'12826'  ,  JHRKHND S KRNTI
'19032'  ,  YOGA EXPRESS   
'19660'  ,  UDZ SHM EXP    
'19061'  ,  RAMNAGAR EXPRES
'19201'  ,  SC PBR  EXP    
'56136'  ,  MTP UAM PASSR  
'11048'  ,  UBL MRJ EXPRESS
'14319'  ,  INDB BARELLY EX
'17482'  ,  TPTY BSP EXP   
'11047'  ,  MIRAJ UBL EXP  
'12688'  ,  DDN MDU SF EXP 
'16031'  ,  ANDAMAN EXPRESS
'19216'  ,  SAURASHTRA EXP 
'12736'  ,  SC GARIB RATH  
'12162'  ,  LASHKAR EXPRESS
'16106'  ,  TCN CHENNAI EXP
'06064'  ,  TEN CHENNAI EXP
'12353'  ,  HWH LKU EXP    
'22625'  ,  SBC DOUBLE DECK
'12481'  ,  INTERCITY EXP  
'12664'  ,  HOWRAH EXPRESS 
'18519'  ,  VSKP LTT EXPRES
'12114'  ,  PUNE GARIBRATH 
'14674'  ,  SHAHEED EXP    
'12004'  ,  LJN SWRAN SHTBD
'23225'  ,  SHC DNR LINK EX
'12125'  ,  PRAGATI EXPRESS
'08010'  ,  PURI HWH SPECIA
'11017'  ,  LTT KARAIKAL EX
'15112'  ,  CPR INTERCITY  
'54704'  ,  JU BTI PASENGER
'15906'  ,  VIVEK EXPRESS  
'14095'  ,  HIMALYAN QUEEN 
'15661'  ,  RNC  KYQ EXPRES
'19021'  ,  BDTS LJN EXPRES
'12813'  ,  STEEL EXPRESS  
'16188'  ,  ERS KARAIKALEXP
'16588'  ,  BKN YPR EXPRESS
'15043'  ,  LJN KGM EXP    
'01655'  ,  PUNE JBP SUP SP
'12059'  ,  NZM JAN SHATABD
'22183'  ,  IND DOUBLE DECK
'23347'  ,  SGRL PNBE LNK E
'19165'  ,  SABARMATI EXP  
'14503'  ,  KLK SVDK EXPRES
'12026'  ,  PUNE SHATABDI  
'52973'  ,  UJN AK F PASS  
'16381'  ,  KANYAKUMARI EXP
'22447'  ,  KURJ NZM EXP   
'16571'  ,  YPR BIDR EXP   
'14522'  ,  UMB DLI  EXP   
'22618'  ,  TPTY  SBC  EXP 
'17614'  ,  NED PUNE EXP   
'15483'  ,  MAHANANDA EXP  
'13158'  ,  TIRHUT EXPRESS 
'19059'  ,  JAMNAGAR INTCIT
'12012'  ,  KALKA SHTBDI   
'05115'  ,  CPR SVDKSPL    
'12713'  ,  SATAVAHANA EXP 
'12625'  ,  KERALA EXPRESS 
'12371'  ,  HWH JSM EXP    
'12991'  ,  UDZ JP EXP     
'57230'  ,  VSKP MTM PASS  
'19416'  ,  SVDK ADI EXP   
'12135'  ,  PUNE NAGPUR EXP
'22908'  ,  HAPA MADGAON EX
'59390'  ,  BPL INDB PASS  
'15723'  ,  NJP SMI EXPRESS
'01401'  ,  NGP TTKL FARE S
'12621'  ,  TAMIL NADU EXP 
'12684'  ,  ERNAKULAM SF EX
'19263'  ,  DELHI SR EXPRES
'15724'  ,  SMI NJP EXPRESS
'12074'  ,  BBS JAN SHATABD
'13507'  ,  ASN GKP EXPRESS
'55322'  ,  RMR BSB EXPRESS
'07720'  ,  PUSHKARAM SPL  
'22202'  ,  DURONTO EXPRESS
'51027'  ,  FAST PASSENGER 
'18184'  ,  DNR TATA EXP   
'18110'  ,  JAT MURI ROU EX
'12268'  ,  BCT DURONTO EXP
'02511'  ,  KYQ KUMBH SPL  
'12671'  ,  NILAGIRI EXP   
'22102'  ,  RAJYA RANI EXP 
'15206'  ,  CHITRAKUT EXP  
'11034'  ,  DBG PUNE EXP   
'12157'  ,  HUTATMA EXPRESS
'12253'  ,  ANGA EXPRESS   
'16605'  ,  ERNAD EXPRESS  
'12107'  ,  LUCKNOW SUP EXP
'54075'  ,  SPC DELHI PASS 
'12293'  ,  ALD DURONTO EXP
'58011'  ,  HWH CKP PAS    
'19037'  ,  AVADH EXPRESS  
'12848'  ,  DGHA HWH DURONT
'15058'  ,  ANVT GKP EXP   
'12330'  ,  W B SMPRK KRNTI
'04736'  ,  HW BKN SPL     
'08243'  ,  BSP BGKTSPECIAL
'15632'  ,  GHY BME BKN EXP
'13146'  ,  RADHIKAPUR EXP 
'16306'  ,  ERNAKULAM EXP  
'12039'  ,  KGM ANVT SHT   
'51422'  ,  NZB PUNE PASS  
'11096'  ,  AHIMSA EXPRESS 
'19262'  ,  KOCHUVELI EXP  
'18212'  ,  JDB DURG EXP   
'16181'  ,  SILAMBU EXPRESS
'14524'  ,  UMB MFP EXPRESS
'22852'  ,  SRC VIVEK EXP  
'16021'  ,  KAVERI  EXPRESS
'11265'  ,  AMBIKAPUR EXPRE
'15619'  ,  GAYA KYQ WKLY E
'16349'  ,  RAJYA RANI EXP 
'12343'  ,  DARJEELING MAIL
'12651'  ,  SAMPARK KRANTI 
'58835'  ,  NGP RMO CWA PAS
'12531'  ,  LJN INTERCITY  
'16094'  ,  LJN  MAS EXP   
'18464'  ,  PRASANTHI EXP  
'22937'  ,  RAJKOT REWA EXP
'19261'  ,  PORBANDAR EXP  
'16332'  ,  MUMBAI EXPRESS 
'12366'  ,  PNBE JANSHATABD
'16527'  ,  YPR CANNANORE E
'50104'  ,  RN DADAR PASS  
'19408'  ,  BSB ADI EXP    
'15959'  ,  KAMRUP EXPRESS 
'16127'  ,  MS GURUVAYUR EX
'22111'  ,  BSL NGP SUP EXP
'22411'  ,  NHLN NDLS AC EX
'08501'  ,  VSKP SC SPL    
'15620'  ,  KYQ GYA WKLY EX
'16315'  ,  KOCHUVELI EXP  
'12248'  ,  NZM  BDTS  YUVA
'12556'  ,  GORAKDAM EXPRES
'22642'  ,  SHM TVC SF EXP 
'22823'  ,  BBS RAJDHANI EX
'12108'  ,  LJN LTT EXPRESS
'13168'  ,  AGC KOAA EXP   
'22204'  ,  VSKP DURONTO  E
'22456'  ,  KLK SNSI SF EXP
'19053'  ,  ST MFP EXPRESS 
'18417'  ,  RAJYA RANI EXP 
'11060'  ,  CPR LTT EXPRESS
'16130'  ,  TN MS LINK EXP 
'16335'  ,  NAGERCOIL EXP  
'51118'  ,  DHI CSN PASS   
'14037'  ,  DLI PTK EXP    
'12706'  ,  SC GNT EXP     
'17615'  ,  KCG MDU EXP    
'12346'  ,  SARAIGHAT EXP  
'12520'  ,  KYQ LTT AC EXP 
'19659'  ,  SHM UDZ EXPRESS
'14309'  ,  UJJAINI EXPRESS
'11069'  ,  TULSI EXPRESS  
'12895'  ,  HWH PURI EXPRES
'18408'  ,  SNSI PURI EXP  
'22473'  ,  BKN BDTS SF EXP
'13186'  ,  GANGA SAGAR EXP
'17416'  ,  HARIPRIYA EXP  
'16338'  ,  OKHA EXPRESS   
'19108'  ,  JANMABHOOMI EXP
'12919'  ,  MALWA EXPRESS  
'12151'  ,  SAMARSATA EXP  
'12974'  ,  JP INDB EXPRESS
'54702'  ,  LGH ABS PASNGER
'22877'  ,  DGHA PURI EXP  
'15615'  ,  INTERCITY EXP  
'15643'  ,  PURI KYQ EXPRES
'13028'  ,  KAVI GURU EXP  
'12570'  ,  JYG GARIB RATH 
'22890'  ,  PURI DGHA SUP E
'12175'  ,  CHAMBAL EXP    
'15118'  ,  JBP MUV EXPRESS
'12587'  ,  AMAR NATH EXP  
'12460'  ,  ASR NDLS EXP   
'15045'  ,  GKP OKHA EXPRES
'18638'  ,  YPR HATIA EXP  
'51434'  ,  PVR NZB PASS   
'17026'  ,  SC MUGR EXPRESS
'12258'  ,  YESVANTPUR EXP 
'15909'  ,  ABADH ASSAM EXP
'11401'  ,  NANDIGRAM  EXP 
'22693'  ,  RAJDHANI EXP   
'18451'  ,  TAPASWINI EXPRE
'12992'  ,  JP UDZ EXP     
'10112'  ,  KONKAN KANYA EX
'13426'  ,  ST MALDA TOWN E
'16058'  ,  SAPTAGIRI EXP  
'12297'  ,  PUNE DURONTO   
'16308'  ,  ALLEPPEY EXP   
'22928'  ,  LOK SHAKTI EXP 
'11301'  ,  UDYAN EXPRESS  
'16003'  ,  MAS NSL EXPRESS
'16216'  ,  CHAMUNDI EXPRES
'12858'  ,  TAMRALIPTA EXP 
'12682'  ,  CHENNAI EXP    
'14519'  ,  KISAN EXPRESS  
'15036'  ,  UTR SAMPRK K EX
'53140'  ,  JSME KOAA PGS  
'19414'  ,  KOAA ADI EXPRES
'19412'  ,  INTERCITY EXP  
'12182'  ,  DAYODAYA EXP   
'12935'  ,  BDTS SURAT EXP 
'18619'  ,  RNC DUMK EXP   
'13417'  ,  DGHA MLDT EXP  
'22926'  ,  PASCHIM EXPRESS
'14805'  ,  BARMER AC EXP  
'10103'  ,  MANDOVI EXPRESS
'56214'  ,  TPTY CMNR PASS 
'12323'  ,  HWH NDLS EXPRES
'13166'  ,  SMI KOAA EXP   
'12822'  ,  DHAULI EXP     
'12465'  ,  RANTHAMBORE EXP
'22880'  ,  TPTY BBS  SF EX
'18112'  ,  YPR TATA EXP   
'12281'  ,  BBS DURONTO EXP
'59230'  ,  BVC ST LINK EXP
'19711'  ,  JP BPL EXP     
'18631'  ,  RNC GARIBNWAZ E
'13017'  ,  GANADEVTA EXP  
'11305'  ,  CSTM SOLAPUR EX
'22623'  ,  MADURAI EXPRESS
'12398'  ,  MAHABODHI EXP  
'16577'  ,  YPR HRR EXP    
'06541'  ,  YPR PVR EXP    
'12914'  ,  TRISHATABDI EXP
'18632'  ,  RNC GARIB NAWAZ
'12287'  ,  DEHRADUN EXP   
'18403'  ,  CKP BBN INT EXP
'12967'  ,  JAIPUR EXP     
'12412'  ,  INTERCITY EXP  
'10216'  ,  MADGAON EXPRESS
'07710'  ,  PUSHKARAM SPL  
'57651'  ,  SC RAL PASSENGE
'12141'  ,  RAJENDRA NGR EX
'11070'  ,  TULSI EXPRESS  
'22644'  ,  PNBE ERS EXPRES
'13235'  ,  INTERCITY EXP  
'12332'  ,  HIMGIRI EXPRESS
'57271'  ,  RAYAGADA PSGNR 
'12454'  ,  NDLS RNC RJDHNI
'52075'  ,  MJ MVJ PASS    
'11026'  ,  PUNE BSL EXP   
'15013'  ,  RANIKHET EXP   
'12708'  ,  AP SMPRK KRANTI
'13351'  ,  DHN ALAPPUZHA E
'56263'  ,  BANGALORE PASSR
'12855'  ,  NAGPUR INTERCIT
'14810'  ,  JU JSM EXPRESS 
'12247'  ,  BDTS NZM YUVA E
'12742'  ,  PNBE VSG EXPRES
'11054'  ,  AMH LTT EXP    
'12024'  ,  JANSHATABDI EXP
'12192'  ,  JBP NDLS SUP EX
'12870'  ,  HWH CSTM EXPRES
'19019'  ,  DEHRADUN EXP   
'12080'  ,  JAN SHATABDI EX
'18213'  ,  DURG JP EXP    
'12485'  ,  NED SGNR EXPRES
'18503'  ,  VSKP  SNSI   EX
'12932'  ,  BCT DOUBLEDECKE
'19167'  ,  SABARMATI EXP  
'58839'  ,  NGP NIR JBP PAS
'12971'  ,  BHAVNAGAR EXP  
'12665'  ,  KANNYAKUMARI EX
'17411'  ,  MAHALAXMI EXP  
'15116'  ,  LOK NAYAK EXP  
'13167'  ,  KOAA AGC EXPRES
'08402'  ,  SRC PURI  SPL  
'16302'  ,  VENAD EXPRESS  
'12714'  ,  SATAVAHANA EXP 
'22682'  ,  MYSORE EXPRESS 
'12066'  ,  AII JAN SHATABD
'22902'  ,  UDZ BDTS SUP   
'12748'  ,  PALNADU EXP    
'54811'  ,  BPL JU PASS    
'02509'  ,  BNC KYQ SUVIDHA
'15108'  ,  MTJ CPR EXPRESS
'12497'  ,  SHANE PUNJAB   
'14318'  ,  DDN INDB EXP   
'12839'  ,  HWH MAS MAIL   
'12956'  ,  JP BCT SUPFAST 
'19028'  ,  VIVEK EXPRESS  
'14809'  ,  JSM JU EXPRESS 
'22205'  ,  MDU DURONTO EXP
'22162'  ,  RAJYA RANI EXP 
'12047'  ,  NDLS BTI SHTBDI
'12453'  ,  RNC NDLS RAJ EX
'12903'  ,  GOLDENTEMPLE ML
'12425'  ,  JAMMU RAJDHANI 
'15050'  ,  GKP KOLKATA EXP
'12470'  ,  JAT CNB EXPRESS
'11125'  ,  IND GWALIAR EXP
'58837'  ,  NGP RMO CWA PAS
'12163'  ,  CHENNAI EXPRESS
'14204'  ,  LKO BSB INTRCIT
'12521'  ,  RAPTI SAGAR EXP
'14370'  ,  TRIVENI EXP    
'12348'  ,  RAMPURHAT EXP  
'12224'  ,  ERS LTT DURONTO
'11051'  ,  SUR KOP EXP    
'15666'  ,  B G EXPRESS    
'19806'  ,  UHP KOTA EXP   
'22187'  ,  INTERCITY EXPRE
'16779'  ,  TPTY RMM EXP   
'16609'  ,  COIMBATORE EXP 
'13148'  ,  UTTAR BANGA EXP
'22685'  ,  YPR  SKRANTIEXP
'15233'  ,  KOAA DBG EXP   
'19713'  ,  JP SC EXP      
'22356'  ,  SUVIDHA AC EXP 
'16558'  ,  RAJYARANI EXP  
'16853'  ,  TRICHY EXPRESS 
'12861'  ,  LINK DAKSIN EXP
'18612'  ,  BSB RNC EXPRESS
'12302'  ,  KOLKATA RJDHNI 
'12362'  ,  CSTM ASANSOL EX
'51450'  ,  SUR PUNE PASS  
'19049'  ,  BDTS PATNA EXP 
'13021'  ,  MITHILA EXPRESS
'18610'  ,  RANCHI EXPRESS 
'15714'  ,  INTERCITY EXP  
'12041'  ,  SHATABDI EXPRES
'02878'  ,  KJM VSKP EXP   
'16235'  ,  MYSORE  EXP    
'15721'  ,  PAHARIA EXPRESS
'58838'  ,  CWA RMO NGP PAS
'13156'  ,  MITHILANCHAL EX
'22475'  ,  BKN CBE AC S F 
'11406'  ,  AMI PUNE EXP   
'12588'  ,  JAMMU GKP EXP  
'22452'  ,  CDG BDTS SF EXP
'02877'  ,  KJM SPECIAL    
'12075'  ,  JAN SHATABDI   
'11005'  ,  PUDUCHERRY EXP 
'53178'  ,  LGL SDAH PASS  
'15235'  ,  HWH DBG EXPRESS
'22403'  ,  PDY NDLS EXPRES
'15029'  ,  GKP PUNE EXP   
'12524'  ,  NDLS NJP SF EXP
'16861'  ,  PDY CAPE EXPRES
'12847'  ,  HWH DGHA DURONT
'12983'  ,  AII CDG G RATH 
'15204'  ,  LJN BJU EXP    
'17002'  ,  SC SNSI EXP    
'12643'  ,  NIZAMUDDIN EXP 
'12220'  ,  DURONTO AC EXP 
'15001'  ,  MFP DDN EXP    
'16615'  ,  CHEMMOZHI EXP  
'16688'  ,  NAVYUG EXPRESS 
'25036'  ,  RMR DLI LINK EX
'18695'  ,  IPR RJPB EXPRES
'12887'  ,  HWH PURI EXPRES
'12437'  ,  RAJDHANI EXP   
'12644'  ,  SWARNA JAYANTI 
'56910'  ,  SBC FAST PSGN  
'18407'  ,  PURI SNSI EXP  
'22614'  ,  HLZ MAS SUP EXP
'56912'  ,  SBC FAST PSGN  
'22454'  ,  RAJYA RANI EXP 
'11057'  ,  AMRITSAR EXPRES
'12915'  ,  ASHRAM EXPRESS 
'12918'  ,  GUJRAT S KRANTI
'14016'  ,  SADHBHAWNA EXP 
'12462'  ,  MANDOR EXPRESS 
'12619'  ,  MATSYAGANDHA EX
'13308'  ,  GANGASATLUJ EXP
'22474'  ,  BDTS BKN SUP EX
'12496'  ,  PRATAP EXPRESS 
'12212'  ,  MFP GARIB RATH 
'12022'  ,  BBN JANSHATABDI
'12920'  ,  MALWA EXPRESS  
'16342'  ,  GURUVAYUR EXP  
'24887'  ,  HW BME LINK EXP
'52545'  ,  KGN DJ NG TRAIN
'16566'  ,  YESVANTPUR  EXP
'12274'  ,  HWH DURONTO EXP
'22818'  ,  MYS HOWRAH EXP 
'12060'  ,  KOTA JANSHTBDI 
'12448'  ,  U P SMPRK KRNTI
'15274'  ,  SATYAGRAH EXP  
'10104'  ,  MANDOVI EXPRESS
'12370'  ,  HW HWH S F EXP 
'22405'  ,  BGP  GARIB RATH
'12905'  ,  PBR HOWRAH EXP 
'15014'  ,  RANIKHET EXP   
'53181'  ,  LALGOLA PASS   
'12295'  ,  SANGHAMITRA EXP
'22941'  ,  INBD JAT S F EX
'14003'  ,  MLDT NDLS EXPRE
'01153'  ,  CSN CSTM T F SP
'13161'  ,  KOAA BLGT EXP  
'13110'  ,  MAITREE EXPRESS
'12933'  ,  KARNAVATI EXP  
'13236'  ,  INTERCITY EXP  
'12537'  ,  MANDUADIH EXP  
'22873'  ,  DGHA VSKP EXP  
'16557'  ,  RAJYARANI EXP  
'11011'  ,  LTT NANDED EXP 
'11472'  ,  JBP INDB EXP   
'18406'  ,  ADI PURI EXP   
'12068'  ,  JAN SHATABDI EX
'19027'  ,  VIVEK EXPRESS  
'22404'  ,  NDLS PDY EXP   
'12232'  ,  CDG LKO EXPRESS
'12982'  ,  CHETAK EXP     
'12851'  ,  BSP MAS EXP    
'22621'  ,  RMM CAPE EXP   
'18605'  ,  RNC  JYG  EXP  
'11010'  ,  SINHAGAD EXP   
'59208'  ,  BHAVNAGAR PASS 
'51701'  ,  JBP REWA PASS  
'04923'  ,  LKO NLDM SF SPL
'13237'  ,  PNBE KOTA EXP  
'18234'  ,  NARMADA EXP PSG
'16649'  ,  PARASURAM EXP  
'12513'  ,  SC GHY EXP     
'13071'  ,  HWH JMP EXPRESS
'22188'  ,  INTERCITY EXPRE
'19252'  ,  OKHA SOMNATH EX
'12583'  ,  ANVT DOUBLE DKR
'12539'  ,  YPR LUCKNOW EXP
'22610'  ,  INTERCITY EXP  
'12331'  ,  HIMGIRI EXPRESS
'22938'  ,  REWA RJT SUP EX
'12873'  ,  JHARKHAND S J E
'14259'  ,  RMM VARANASI EX
'54076'  ,  SITAPURCITY PAS
'17206'  ,  CCT  SNSI  EXP 
'16580'  ,  YESVANTHPUR EXP
'14220'  ,  LKO BSB EXP    
'06543'  ,  YPR  CBE EXP   
'74639'  ,  BAHL  SINA     
'12275'  ,  NDLS DURONTO EX
'57625'  ,  KAKATIYA  F  PA
'14712'  ,  SGNR RKSH EXP  
'16611'  ,  TN CBE LINK EXP
'59548'  ,  OKHA ADI PASS  
'11027'  ,  CHENNAI MAIL   
'18508'  ,  HIRAKUND EXP   
'12761'  ,  TPTY KRMR  EXP 
'12335'  ,  BGP LTT EXPRESS
'22884'  ,  PURI GARIB RATH
'12836'  ,  YPR HATIA EXP  
'02874'  ,  TPTY VSKP SF SP
'12010'  ,  SHATABDI EXP   
'22511'  ,  KARMABHOOMI EXP
'52544'  ,  DJ KGN NG TRAIN
'22512'  ,  KARMABHOOMI EXP
'12502'  ,  PORVOTR S KRNTI
'24228'  ,  VARUNA EXP     
'12058'  ,  NDLS JANSHTBDI 
'12856'  ,  BSP INTERCITY  
'19326'  ,  ASR INDB EXPRES
'19410'  ,  GKP ADI EXP    
'12415'  ,  NIZAMUDDIN EXP 
'12561'  ,  SWATANTRA S EXP
'19058'  ,  BSB UDN EXP    
'12517'  ,  GHY GARIB RATH 
'19259'  ,  KCVL BVC EXPRES
'22643'  ,  PATNA EXPRESS  
'17031'  ,  HYDERABAD EXP  
'18698'  ,  KOSHI EXP      
'22806'  ,  NDLS BBS SUP EX
'56139'  ,  UAM ONR PASSR  
'15051'  ,  KOAA GKP EXP   
'12609'  ,  BANGALORE EXP  
'19452'  ,  BANDRA T EXP   
'17618'  ,  TAPOVAN EXP    
'12867'  ,  HWH PDY EXP    
'12328'  ,  UPASANA EXPRESS
'59078'  ,  SURAT PASSENGER
'19066'  ,  BGKT BDTS EXP  
'12463'  ,  RAJSTHN S KRANT
'12314'  ,  SEALDAH RJDHANI
'16105'  ,  TIRUCHENDUR EXP
'15629'  ,  GUWAHATI EXPRES
'11652'  ,  JBP INTERCITY E
'13225'  ,  INTERCITY EXPRE
'12368'  ,  VIKRAMSHILA EXP
'57516'  ,  NED DD PASNGR  
'17013'  ,  PUNE HYB EXPRES
'14681'  ,  NDLS JUC EXPRES
'16854'  ,  CHENNAI EXPRESS
'15942'  ,  DBRG JHAJHA EXP
'11201'  ,  LTT AJNI EXPRES
'01427'  ,  PVR TTKL FAREPA
'14119'  ,  KGM DDN EXPRESS
'13107'  ,  MAITREE EXPRESS
'17203'  ,  BVC KAKINADA EX
'17037'  ,  SC BKN EXP     
'22683'  ,  YPR LKO EXP    
'13248'  ,  KYQ CAPITAL EXP
'17480'  ,  TPTY PURI EXP  
'52451'  ,  SHIVALK DLX EXP
'12121'  ,  M P SMPRK KRNTI
'11702'  ,  JBP INTERCITY  
'13510'  ,  GD ASN EXPRESS 
'12945'  ,  MAHUVA EXPRESS 
'14208'  ,  PADMAVAT EXPRES
'22478'  ,  JP JU SF EXP   
'14320'  ,  BE INDB EXPRESS
'16515'  ,  YPR KAWR EXPRES
'07711'  ,  PUSHKARAM SPL  
'12577'  ,  BAGMATI EXPRESS
'12551'  ,  YPRKYQ AC EXP  
'12133'  ,  MANGALORE EXP  
'12194'  ,  JBP YPR SUP EXP
'14553'  ,  HIMACHAL EXP   
'12844'  ,  ADI PURI EXP   
'12206'  ,  NANDA DEVI EXP 
'52458'  ,  SML KLK PASS   
'12378'  ,  PADATIK EXPRESS
'14210'  ,  LKO BDL INTRCIT
'18422'  ,  AII PURI EXP   
'12480'  ,  SURYANAGARI EXP
'13416'  ,  PNBE MLDT EXPRE
'11028'  ,  MUMBAI MAIL    
'12582'  ,  NDLS MUV SF EXP
'18520'  ,  LTT VSKP EXP   
'12803'  ,  SWARNAJAYANTI E
'12001'  ,  NDLS SHATABDI E
'11206'  ,  NZB  LTT EXP   
'12831'  ,  BBS  GARIB RATH
'14038'  ,  PTK DLI EXP    
'14235'  ,  BSB BE EXPRESS 
'22651'  ,  PALANI EXPRESS 
'16187'  ,  ERNAKULAM EXP  
'16352'  ,  NCJ MUMBAI EXP 
'22981'  ,  KOTA SGNR SF EX
'17613'  ,  PUNE NANDED EXP
'58867'  ,  BTC JBP PASS   
'14632'  ,  ASR DDN EXPRESS
'14645'  ,  SHALIMAR EXP   
'22934'  ,  JP BDTS SF EXP 
'12062'  ,  HBJ JANSHATABDI
'22907'  ,  MAO HAPA SUP EX
'12177'  ,  CHAMBAL EXP    
'17008'  ,  DBG SC EXPRESS 
'19045'  ,  TAPTI GANGA EXP
'11094'  ,  MAHANAGARI EXP 
'12535'  ,  LJN R GARIBRATH
'12436'  ,  NDLS DBRT RJDHN
'52573'  ,  HIMALAYAN WHEEL
'12290'  ,  NGP CSTM DURONT
'23154'  ,  GOUR EXP       
'16734'  ,  RAMESWARAM EXP 
'12891'  ,  BGY  BBS EXPRES
'12732'  ,  SC TPTY SUP EXP
'11022'  ,  CHALUKYA  EXP  
'11093'  ,  MAHANAGARI EXP 
'22903'  ,  BHUJ AC S F EXP
'12164'  ,  CHENNAI EXP    
'12823'  ,  C G SMPRK KRNTI
'57619'  ,  RAL SC FASTPASS
'11055'  ,  GODAN EXPRESS  
'22813'  ,  SRC  PRDP SF EX
'22809'  ,  VSKP SF EXP    
'16185'  ,  VELANKANNI EXP 
'05818'  ,  DBB APDJ SPECIA
'14804'  ,  ADI BGKT EXPRES
'15023'  ,  GKP YPR EXP    
'13281'  ,  NTSK  RJPB  EXP
'19803'  ,  KOTA JAT EXP   
'14012'  ,  HSX DLI EXP    
'14315'  ,  INTERCITY EXP  
'12857'  ,  TAMRALIPTA EXP 
'18620'  ,  DUMK RNC EXPRES
'13329'  ,  GANGADAMODAR EX
'54805'  ,  JAIPUR PASSENGE
'19715'  ,  JP LJN EXP     
'12785'  ,  BANGALORE EXP  
'16855'  ,  MANGALORE EXP  
'14228'  ,  VARUNA EXP     
'13025'  ,  HWH BPL EXPRESS
'56213'  ,  TIRUPATI PASSR 
'12912'  ,  HW BL SUP EXP  
'17619'  ,  AWB NED EXP    
'13150'  ,  KANCHANKANYA EX
'12110'  ,  PANCHAVTI EXP  
'17603'  ,  KCG YPR EXP    
'15960'  ,  KAMRUP EXPRESS 
'22605'  ,  PRR  VM  EXPRES
'12029'  ,  SWARNA SHTBDI  
'12832'  ,  DHN GARIB RATH 
'12127'  ,  INTERCITY EXP  
'12569'  ,  JYG ANVT G RATH
'13104'  ,  BHAGIRATHI EXP 
'12072'  ,  JANSHATABDI EXP
'14708'  ,  RANAKPUR EXPRES
'15034'  ,  RMR HW EXP     
'15665'  ,  B  G  EXPRESS  
'22203'  ,  SC DURONTO EXP 
'12957'  ,  SWARNA J RAJ EX
'15017'  ,  GORAKHPUR EXP  
'12638'  ,  PANDIAN EXP    
'19613'  ,  AJMER ASR EXP  
'11463'  ,  SMNH JBP EXPRES
'12635'  ,  VAIGAI EXP     
'12659'  ,  GURUDEV EXPRESS
'17322'  ,  LTT HUBLI EXP  
'12218'  ,  KERLA S KRANTI 
'19717'  ,  JP CDG INTERCIT
'17222'  ,  LTT COA EXPRESS
'51030'  ,  BJP BB FAST PAS
'12382'  ,  POORVA EXPRESS 
'56504'  ,  BZA BNC PASS   
'15646'  ,  GHY LTT EXP    
'16630'  ,  MALABAR EXPRESS
'12016'  ,  AJMER SHTBDI   
'18495'  ,  BHUBANESWAR EXP
'12656'  ,  NAVAJIVAN EXP  
'19709'  ,  KAVI GURU EXP  
'12881'  ,  HWH PURI G RATH
'12941'  ,  BVC ASANSOL EXP
'18106'  ,  BBS ROU INT EXP
'14212'  ,  INTERCITY EXP  
'22150'  ,  PUNE ERS SUP EX
'15618'  ,  NHLN GHY IC EXP
'19943'  ,  UDZ ADI EXPRESS
'14096'  ,  HIMALAYAN QUEEN
'12928'  ,  VADODARA EXP   
'12358'  ,  ASR KOAA SUP EX
'09608'  ,  UDZ NDT SPL    
'11424'  ,  SOLAPUR EXPRESS
'15670'  ,  NAGALAND EXPRES
'22120'  ,  TPTY DOUBLE DEC
'18189'  ,  TATA ALLP EXP  
'12221'  ,  HOWRAH DURONTO 
'12489'  ,  BKN DDR SF EXP 
'15929'  ,  DIBRUGARH EXP  
'12908'  ,  MHRST SMPRK K E
'22451'  ,  CDG SUP FAST   
'56909'  ,  HOSPET PASSR   
'18450'  ,  B NATH DHAM EXP
'12603'  ,  HYDERABAD EXP  
'15645'  ,  GUWAHATI EXPRES
'01081'  ,  DR BSL T F SPL 
'04416'  ,  NDLS BJU AC  SP
'19451'  ,  GANDHIDHAM EXP 
'18202'  ,  NTV DURG EXP   
'23348'  ,  PNBE SGRL LNK E
'22406'  ,  ANVT BGP G RATH
'19132'  ,  KUTCH EXPRESS  
'07719'  ,  PUSHKARAM SPL  
'18183'  ,  TATA  DNR EXP  
'12416'  ,  INTERCITY  EXP 
'18626'  ,  HTE PNBE EXP   
'12488'  ,  SEEMANCHAL EXP 
'12889'  ,  TATA YPR EXP   
'12906'  ,  HWH PBR  OKHAEX
'12507'  ,  GUWAHATI EXP   
'12892'  ,  BBS BPO EXPRESS
'14156'  ,  JAT CNB EXP    
'15903'  ,  DBRG CDG EXPRES
'17209'  ,  SESHADRI EXPRES
'12959'  ,  DADAR BHUJ EXP 
'12632'  ,  NELLAI EXPRESS 
'14257'  ,  K V EXP        
'12612'  ,  MAS GARIB RATH 
'12439'  ,  RNC NDLS RAJ EX
'12698'  ,  TVC CHENNAI EXP
'01419'  ,  PAU TTKL FARE S
'18567'  ,  VSKP QLN EXP   
'07324'  ,  UBL MAS EXP    
'18609'  ,  RNC LTT EXPRESS
'12183'  ,  BPL PBH SUP EXP
'15046'  ,  GORAKHPUR EXP  
'12351'  ,  DANAPUR EXPRESS
'11104'  ,  BDTS JHANSI EXP
'12976'  ,  JP MYSORE EXP  
'12645'  ,  NIZAMUDDIN EXP 
'22613'  ,  HALDIA EXPRESS 
'18606'  ,  JYG RNC EXPRESS
'19665'  ,  KURJ UDZ EXP   
'13072'  ,  JMP HWH EXP    
'11039'  ,  MAHARASHTRA EXP
'11003'  ,  RAJYA RANI EXP 
'12262'  ,  HWH CSTM DURONT
'59320'  ,  BPL RTM PASS   
'13145'  ,  RADHIKAPUR EXP 
'16337'  ,  OKHA ERS EXPRES
'18209'  ,  DRZ R EXPRESS  
'13151'  ,  JAMMU TAWI EXP 
'19052'  ,  BL SHRAMIK EXP 
'16201'  ,  SBC SMET EXP   
'59439'  ,  AHMADABAD PASS 
'12893'  ,  BLGR  EXPRESS  
'14308'  ,  BE LKO ALD PASS
'58502'  ,  KRDL  VSKP  PAS
'22939'  ,  HAPA BSP EXPRES
'15005'  ,  GKP DDN EXPRESS
'19579'  ,  RJT DEE EXPRESS
'11072'  ,  KAMAYANI EXPRES
'22444'  ,  BDTS KANPUR EXP
'19570'  ,  BSB OKHA EXP   
'12902'  ,  GUJARAT MAIL   
'06948'  ,  UBL VSG LINK EX
'12394'  ,  SAMPOORN K EXP 
'12741'  ,  VSG PATNA EXP  
'12829'  ,  BHUBANESWAR EXP
'22619'  ,  BSP TEN EXPRESS
'54812'  ,  JU BPL PASS    
'12181'  ,  DAYODAYA EXPRES
'12897'  ,  PDY BBS EXPRESS
'17214'  ,  NSL NS EXP     
'18622'  ,  PATLIPUTRA EXP 
'12968'  ,  JP MADRAS EXP  
'14662'  ,  MALANI EXP     
'22630'  ,  TEN  DR  EXPRES
'12729'  ,  PUNE NANDED EXP
'12990'  ,  AII DDR  EXPRES
'17001'  ,  SNSI SC EXP    
'11045'  ,  DIKSHABHOOMI EX
'58222'  ,  CHD CHRM PGR   
'12184'  ,  PBH BPL EXPRESS
'11466'  ,  JBP SOMNATH EXP
'22850'  ,  SC  SHM WKLY EX
'19330'  ,  UDZ INDB EXPRES
'18509'  ,  VSKP NED EXPRES
'18005'  ,  HWH KORAPUT EXP
'12765'  ,  TPTY AMI SUP EX
'59547'  ,  OKHA PASSENGER 
'12427'  ,  REWA ANVT EXP  
'57305'  ,  KCGGNT PASS    
'13352'  ,  DHANBAD EXPRESS
'22648'  ,  KORBA EXPRESS  
'18206'  ,  NTV DURG EXP   
'11042'  ,  MUMBAI EXPRESS 
'14153'  ,  CNB ASR EXP    
'14723'  ,  KALINDI EXPRESS
'13403'  ,  VANANCHAL EXP  
'13109'  ,  MAITREE EXPRESS
'18623'  ,  RJPB HATIA EXP 
'22634'  ,  NZM TVC SF EXP 
'11030'  ,  KOYNA EXPRESS  
'11465'  ,  SMNH JBP EXPRES
'11082'  ,  GKP LTT EXP    
'12422'  ,  ASR NED SF EXP 
'12592'  ,  GORAKHPUR EXP  
'14554'  ,  HIMACHAL EXPRES
'22116'  ,  KRMI LTT AC SUP
'11451'  ,  INTERCITY EXP  
'12165'  ,  LTT BSB SUP EXP
'17230'  ,  SABARI EXP     
'22869'  ,  VSKP MAS SF EXP
'12456'  ,  BKN DEE SF EXP 
'19034'  ,  GUJARAT QUEEN  
'12230'  ,  LUCKNOW MAIL   
'12872'  ,  ISPAT EXPRESS  
'56137'  ,  UAM MTP PASSR  
'17007'  ,  SC DBG EXPRESS 
'12478'  ,  JAT JAMNAGR EXP
'12937'  ,  GARBHA EXPRESS 
'16217'  ,  MYS SNSI EXPRES
'15658'  ,  KANCHANJUNGA EX
'13149'  ,  KANCHANKANYA EX
'12798'  ,  VENKATADRI EXP 
'11701'  ,  INDB INTERCITY 
'18568'  ,  QLN  VSKP EXP  
'12171'  ,  LTT HW AC SUP  
'12627'  ,  KARNATAKA EXP  
'19038'  ,  AVADH EXPRESS  
'11088'  ,  PUNE VERAVAL EX
'18205'  ,  DURG NTV EXP   
'12023'  ,  JANSHATABDI EXP
'12269'  ,  DURONTO EXPRESS
'13005'  ,  AMRITSAR MAIL  
'11404'  ,  KOP NAGPUR EXP 
'12006'  ,  KALKA SHTBDI   
'16359'  ,  ERS PATNA EXP  
'12308'  ,  JU HWH SUPFAST 
'19311'  ,  PUNE INDORE EXP
'12677'  ,  ERNAKULAM EXP  
'11302'  ,  UDYAN EXP      
'12608'  ,  LALBAGH EXP    
'12219'  ,  SC DURONTO EXP 
'12704'  ,  FALAKNUMA EXP  
'17640'  ,  AK KCG EXP     
'12938'  ,  GARBHA EXPRESS 
'18604'  ,  BGP RNC EXPRESS
'17221'  ,  COA  LTT EXPRES
'17617'  ,  TAPOVAN EXPRESS
'02590'  ,  GORAKHPUR  SPL 
'19012'  ,  GUJARAT EXPRESS
'18204'  ,  BETWA EXPRESS  
'12082'  ,  JAN SHATABDI   
'11266'  ,  ABKP JBP EXPRES
'12838'  ,  PURI HWH EXPRES
'11405'  ,  PUNE AMI EXP   
'12027'  ,  SHATABDI EXP   
'16232'  ,  MAILADUTURAI EX
'12860'  ,  GITANJALI EXP  
'14610'  ,  HEMKUNT EXP    
'19573'  ,  JAIPUR EXPRESS 
'55149'  ,  GKP MUV PASS   
'07703'  ,  PUSHKARAM SPL  
'12081'  ,  JAN SHATABDI   
'12624'  ,  CHENNAI MAIL   
'16101'  ,  RAMESWARAM EXP 
'22875'  ,  KGP  PRR  EXRES
'12917'  ,  GUJARAT SMPRK K
'15603'  ,  INTER CITY EXP 
'16603'  ,  MAVELI EXPRESS 
'12830'  ,  BBS CHENNAI EXP
'17024'  ,  TUNGABHADRA EXP
'18501'  ,  VSKP GIMB EXP  
'13425'  ,  MLDT ST EXP    
'12780'  ,  GOA EXPRESS    
'16228'  ,  BANGALORE EXP  
'19048'  ,  BGP SURAT EXP  
'12045'  ,  NDLS CDG SHTBDI
'22872'  ,  TPTY BBS  EXP  
'12105'  ,  VIDARBHA EXPRES
'12017'  ,  DEHRADUN SHTBDI
'12441'  ,  BSP NDLS RAJ EX
'12213'  ,  DURONTO EXPRESS
'17211'  ,  KONDAVEEDU EXP 
'13011'  ,  HWH MLDT INT EX
'15018'  ,  GKP LTT EXP    
'12884'  ,  RUPASIBANGLA EX
'12364'  ,  HDB KOAA SF EXP
Train No.  ,  train Name
'12477'  ,  JAM JAT EXPRESS
'12759'  ,  CHARMINAR EXP  
'14258'  ,  KASHI V EXPRESS
'11091'  ,  BHUJ PUNE EXP  
'12307'  ,  HWH JU  EXPRESS
'07714'  ,  PUSHKARAM SPL  
'16186'  ,  VELANKANNI EXP 
'12451'  ,  SHRAM SHKTI EXP
'22617'  ,  TIRUPATHI EXP  
'51196'  ,  BPQ WR PASS    
'17019'  ,  AII HYB EXP    
'15667'  ,  KAMAKHYA EXPRES
'22874'  ,  VSKP DIGHA EXP 
'12409'  ,  GONDWANA EXPRES
'12238'  ,  BEGAMPURA EXP  
'11123'  ,  BJU GWL MAIL   
'22635'  ,  MAQ INTERCITY E
'17309'  ,  YPR VASCO EXP  
'14854'  ,  MARUDHAR EXPRES
'12071'  ,  JAN SHATABDI EX
'12506'  ,  NORTH EAST EXP 
'15111'  ,  MUV  INTERCITY 
'12146'  ,  PURI LTT SUP EX
'13202'  ,  LTT RJPB EXP   
'12188'  ,  JBP GARIB RATH 
'12038'  ,  LDH NDLS SHTBDI
'14863'  ,  MARUDHAR EXPRES
'11066'  ,  DBG LTT EXPRESS
'12964'  ,  MEWAR EXPRESS  
'11049'  ,  KOLHAPUR EXPRES
'12559'  ,  SHIV GANGA EXP 
'12898'  ,  BBS PDY EXPRESS
'15606'  ,  GHY INTERCITY  
'12837'  ,  HWH PURI EXP   
'19322'  ,  RJPB INDB EXPRE
'18233'  ,  NARMADA EXPRESS
'19024'  ,  FZR BCT JANTA  
'16714'  ,  RMM CHENNAI EXP
'12960'  ,  BHUJ DADAR EXP 
'58868'  ,  JBP BTC PASS   
'22601'  ,  SHIRDI EXPRESS 
'12203'  ,  GARIB RATH EXP 
'16210'  ,  AJMER EXPRESS  
'12961'  ,  AVANTIKA EXP   
'12202'  ,  LTT GARIB RATH 
'12762'  ,  KRMR TPTY   EXP
'12160'  ,  JBP AMI SUP EXP
'05967'  ,  RNY DBRG SPECIA
'11447'  ,  SHAKTIPUNJ EXP 
'22894'  ,  HWH SNSI EXPRES
'18630'  ,  NJP RNC EXPRESS
'19610'  ,  HW AII EXP     
'16305'  ,  CANNANORE EXP  
'12512'  ,  RAPTISAGAR EXP 
'13420'  ,  JANSEWA EXPRESS
'22836'  ,  PURI SHM SF EXP
'58501'  ,  VSKP  KRDL  PAS
'02112'  ,  LKO  LTT AC SPL
'12246'  ,  DURONTO EXPRESS
'12820'  ,  ORISSA S KRNTI 
'11036'  ,  SHARAVATI  EXP 
'16348'  ,  TRIVANDRUM EXP 
'52570'  ,  RED PANDA      
'18402'  ,  OKHA PURI EXP  
'12827'  ,  HWH PRR EXP    
'57626'  ,  KAKATHIYA  F PS
'22210'  ,  BCT DURONTO    
'22815'  ,  BSP ERS S F EXP
'12550'  ,  JAT DURG SF EXP
'51029'  ,  BB BJP FAST PAS
'11075'  ,  LTT BIDR EXPRES
'07713'  ,  PUSHKARAM SPL  
'15008'  ,  LJN MUV EXP    
'17481'  ,  BSP TPTY EXPRES
'19415'  ,  ADI SVDK EXPRES
'04941'  ,  LKO SVDK SPL   
'22606'  ,  PURULIA EXPRESS
'13241'  ,  BANKA RJPB EXP 
'13136'  ,  JYG KOAA EXP   
'15234'  ,  DBG KOAA EXPRES
'12083'  ,  JAN SHATABDI EX
'12584'  ,  LJN DOUBLE DKR 
'12156'  ,  BHOPAL  EXPRESS
'19221'  ,  SOMNATH EXPRESS
'11124'  ,  GWL BJU MAIL   
'15902'  ,  DBRG SBC EXPRES
'17311'  ,  MAS VASCO EXP  
'16780'  ,  RMM TPTY EXP   
'12249'  ,  HWH NDLS YUVA E
'21028'  ,  MUMBAI MAIL    
'18405'  ,  PURI  ADI EXP  
'13138'  ,  AMH KOAA EXP   
'13430'  ,  ANVT MLDT EXP  
'17256'  ,  NARASAPUR EXP  
'16116'  ,  CHENNAI EXP    
'12631'  ,  NELLAI EXPRESS 
'12894'  ,  BBS EXPRESS    
'17023'  ,  TUNGABHADRA EXP
'12735'  ,  YPR GARIB RATH 
'13022'  ,  MITHILA EXPRESS
'11007'  ,  DECCAN EXPRESS 
'08295'  ,  BSP PUNE SPL   
'22388'  ,  BLACKDIAMOND EX
'12970'  ,  JP CBE SUP EXP 
'12605'  ,  PALLAVAN EXP   
'17249'  ,  MTM SC EXP     
'12538'  ,  MUV MFP EXPRESS
'04801'  ,  JU JSMSPL      
'18310'  ,  NAGAWALI  EXP  
'12028'  ,  SHATABDI EXP   
'14709'  ,  BKN PURI EXP   
'12313'  ,  SDAH RAJDHANIEX
'12697'  ,  TRIVANDRUM EXP 
'15711'  ,  HWH KIR EXPRESS
'59272'  ,  BVC DEE LINK EX
'14650'  ,  SARYUYAMUNA EXP
'12243'  ,  SHATABDI EXP   
'14631'  ,  DDN ASR EXPRESS
'16115'  ,  PUDUCHERRY EXP 
'14705'  ,  DEE BGKT EXP   
'22650'  ,  YERCAUD EXP    
'22185'  ,  IND DOUBLE DECK
'15669'  ,  NAGALAND EXPRES
'11071'  ,  KAMAYANI EXPRES
'12030'  ,  SWARNA SHTBDI  
'12657'  ,  BANGALORE MAIL 
'15279'  ,  POORBIYA EXP   
'14323'  ,  NDLS ROK EXP   
'15231'  ,  BJU GONDIA EXP 
'17255'  ,  NS HYDRABAD EXP
'19168'  ,  SABARMATI EXP  
'16589'  ,  RANI CHENNAMMA 
'11109'  ,  JHS LJN  INT EX
'16303'  ,  VANCHINAD EXP  
'12078'  ,  JAN SHATABDI   
'17233'  ,  BHAGYANAGAR EXP
'52551'  ,  JUNGLE SAFARI  
'11107'  ,  BUNDELKHAND EXP
'12987'  ,  SDAH AJMER EXP 
'18241'  ,  DURG ABKP EX PA
'18574'  ,  BGKT VSKP EXP  
'22471'  ,  DEE INTERCITY  
'16604'  ,  MAVELI EXPRESS 
'01656'  ,  JBP PUNE SPECIA
'51754'  ,  CHRM REWA F PGR
'19115'  ,  BDTS BHUJ EXP  
'16314'  ,  ERNAKULAM EXP  
'18109'  ,  ROU MURI JAT EX
'12568'  ,  RAJYA RANI EXP 
'14223'  ,  BUDH PURNIMA EX
'12419'  ,  GOMTI EXP      
'12670'  ,  GANGAKAVERI EXP
'17005'  ,  HYB RXL EXPRESS
'54254'  ,  LKO PYG PASS   
'16184'  ,  UZHAVAN EXPRESS
'58112'  ,  ITR TATA PASSGN
'05027'  ,  SUVDHA SPL     
'13023'  ,  HWH GAYA EXPRES
'22845'  ,  PUNE HATIA SUP 
'12317'  ,  AKAL TAKHT EXP 
'12778'  ,  HUBLI EXP      
'12949'  ,  KAVIGURU EXPRES
'12265'  ,  DEE JAT DURONTO
'14501'  ,  BTI JAT EXP    
'12051'  ,  JAN SHATABDI EX
'18420'  ,  JYG DBG PURI EX
'19057'  ,  UDN VARANASI EX
'12430'  ,  NDLS LKO AC SF 
'12126'  ,  PRAGATI EXPRESS
'19055'  ,  BL JODHPUR EXP 
'12727'  ,  GODAVARI EXP   
'14316'  ,  INTERCITY EXP  
'12132'  ,  SAINAGAR DR EXP
'15104'  ,  GKP INTERCITY  
'11408'  ,  LJN PUNE EXP   
'16858'  ,  PUDUCHERRY EXP 
'02873'  ,  VSKP TPTY SF SP
'17225'  ,  AMARAVATHI EXP 
'12874'  ,  JHARKHAND EXP  
'11081'  ,  LTT GKP EXPRESS
'16336'  ,  GANDHIDHAM EXP 
'15117'  ,  MUV JBP EXPRES 
'14324'  ,  ROK NDLS EXP   
'16301'  ,  VENAD EXPRESS  
'59822'  ,  BIX KOTA PASS  
'16304'  ,  VANCHINAD EXP  
'17610'  ,  PAU PNBE EXP   
'12702'  ,  HUSSAINSAGAR EX
'58012'  ,  CKP HWH PAS    
'12784'  ,  SC  VSKP AC EXP
'17036'  ,  KAGHAZNAGAR EXP
'13044'  ,  RXL HWH EXPRESS
'12797'  ,  VENKATADRI EXP 
'14011'  ,  DLI HSX EXP    
'14521'  ,  DLI UMB EXP    
'12215'  ,  DEE BDTS G RATH
'12802'  ,  PURSHOTTAM EXP 
'12896'  ,  PURI HWH EXPRES
'13117'  ,  KOAA LGL EXPRES
'12864'  ,  YPR HOWRAH EXP 
'29019'  ,  MDS KOTA MTC EX
'16525'  ,  BANGALORE EXP  
'12473'  ,  SARVODAYA EXP  
'12236'  ,  NDLS DBRG RJDHN
'22904'  ,  BDTS AC S F EXP
'12079'  ,  JANSHATABDI EXP
'12003'  ,  LJN SWRAN SHTBD
'16787'  ,  TEN JAMMU EXP  
'50105'  ,  DIVA SWV PASS  
'12025'  ,  SHATABDI EXP   
'12190'  ,  MAHAKOSHAL EXP 
'14001'  ,  DLI ATTARI EXP 
'12922'  ,  FLYING RANEE   
'12833'  ,  HOWRAH EXPRESS 
'13162'  ,  BLGT KOAA EXP  
'17014'  ,  HYB PUNE EXP   
'19707'  ,  ARAVALI EXPRESS
'17250'  ,  MACHILIPTNM EXP
'15707'  ,  KIR ASR EXPRESS
'12555'  ,  GORAKDAM EXPRES
'19577'  ,  HAPA EXPRESS   
'19611'  ,  AJMER ASR EXP  
'15927'  ,  RNY DBRG EXPRES
'12390'  ,  MS GAYA EXPRESS
'11065'  ,  DARBHANGA  EXP 
'12306'  ,  KOLKATA  RJDHNI
'18510'  ,  NED VSKP EXP   
'11112'  ,  GWL SUSHASAN EX
'16353'  ,  KCG NCJ EXP    
'12423'  ,  DBRT RAJDHANI E
'16347'  ,  MANGALORE EXP  
'51401'  ,  PUNE MMR PASS  
'13418'  ,  MLDT DGHA EXP  
'22883'  ,  PURI YPR G RATH
'17479'  ,  PURI TPTY EXP  
'18301'  ,  SBP RGDA EXPRES
'22889'  ,  DGHA PURI SUP E
'12824'  ,  CHTSGRH S KRNTI
'22912'  ,  SHIPRA EXP     
'12719'  ,  AII HYB SF EXP 
'12383'  ,  INTERCITY  EXP 
'17319'  ,  SECUNDRABAD EXP
'08450'  ,  PNBE BBS SPL   
'18235'  ,  BILASPUR EX PAS
'13024'  ,  GAYA HWH EXPRES
'12841'  ,  COROMANDAL EXP 
'19801'  ,  INDB INTERCITY 
'01712'  ,  JBP LTT SUP SPL
'22684'  ,  LKO YPR SUP    
'22134'  ,  SOLAPUR EXP    
'12483'  ,  AMRITSAR EXP   
'22105'  ,  INDRAYANI EXP  
'19568'  ,  VIVEK EXPRESS  
'16125'  ,  MS JODHPUR EXP 
'13051'  ,  HOOL EXPRESS   
'12819'  ,  ORISSA S KRANTI
'18216'  ,  JAT DURG EXP   
'16307'  ,  CANNANORE EXP  
'14120'  ,  DDN KGM EXPRESS
'58111'  ,  TATA ITR PASS  
'17020'  ,  HYB AII  EXP   
'22609'  ,  INTERCITY EXP  
'16574'  ,  YESVANTPUR EXP 
'11056'  ,  GODAN EXPRESS  
'54602'  ,  ASR HSR PASNGER
'16204'  ,  TPTY MAS EXPRES
'12239'  ,  JAIPUR DURONTO 
'12076'  ,  JAN SHATABDI   
'12280'  ,  TAJ EXPRESS    
'16334'  ,  VERAVAL EXPRESS
'22654'  ,  NZM TVC SF EXP 
'11651'  ,  SGRL  INTERCITY
'19407'  ,  ADI VARANASI EX
'16179'  ,  MANNAI EXP     
'13401'  ,  INTERCITY   EXP
'12809'  ,  HOWRAH MAIL    
'22633'  ,  NIZAMUDDIN EXP 
'12161'  ,  LASHKAR EXPRESS
'22802'  ,  MAS VSKP  EXP  
'11092'  ,  PUNE BHUJ EXP  
'22484'  ,  JODHPUR EXPRESS
'14609'  ,  HEMKUNT EXP    
'12969'  ,  CBE JAIPUR EXP 
'01150'  ,  CSN BSL T F SPL
'12237'  ,  BEGAMPURA EXP  
'12435'  ,  DBRT RAJDHANI E
'15273'  ,  SATYAGRAH EXP  
'11095'  ,  AHIMSA EXPRESS 
'15007'  ,  MUV LJN EXPRESS
'12440'  ,  NDLS RNC RAJ EX
'12953'  ,  AUG KR RAJ EXP 
'12692'  ,  CHENNAI EXPRESS
'13466'  ,  INTERCITY EXP  
'16506'  ,  GANDHIDHAM EXP 
'13009'  ,  DOON EXPRESS   
'12972'  ,  BVC BDTS EXPRES
'12406'  ,  GONDWANA EXPRES
'22408'  ,  BSB GARIB RATH 
'19454'  ,  PURI GIMB EXP  
'15713'  ,  INTERCITY EXP  
'16004'  ,  NSL MAS WKLY EX
'14890'  ,  MBF BGKT EXP   
'11103'  ,  JHS BDTS EXP   
'12709'  ,  SIMHAPURI EXP  
'17317'  ,  LOKAMANYA TT EX
'12668'  ,  CHENNAI EXP    
'21126'  ,  BIX INDB EXP   
'22696'  ,  JP YPR PREMIUM 
'18611'  ,  RNC BSB EXPRESS
'17314'  ,  UBL CHENNAI EXP
'12973'  ,  JAIPUR EXPRESS 
'16723'  ,  ANANTAPURI EXP 
'03235'  ,  SBG DNR SPECIAL
'22891'  ,  HWH RNC INT EXP
'12968'  ,  JP MADRAS EXPRE
'16579'  ,  SHIMOGA EXP    
'12043'  ,  NDLS MOGA SHT  
'12187'  ,  MUMBAI GARIBRAT
'14711'  ,  RKSH SGNR EXP  
'57265'  ,  VSKP NS PASS   
'18237'  ,  CHATTISGARH EXP
'12035'  ,  JP AF SHATABDI 
'12475'  ,  HAPA JAT EXPRES
'15901'  ,  DIBRUGARH EXP  
'14523'  ,  HARIHARNATH EXP
'18214'  ,  JP DURG EXP    
'19609'  ,  AII HW EXP     
'14512'  ,  NAUCHANDI EXP  
'14152'  ,  ANVT CNB EXP   
'15103'  ,  MUV INTERCITY  
'18438'  ,  BWIP BBS LINK E
'12913'  ,  TRISHATABDI EXP
'12814'  ,  STEEL EXP      
'11207'  ,  NGP REWA EXP   
'22636'  ,  MADGAON EXP    
'19269'  ,  PBR MOTIHARI EX
'02882'  ,  SUVIDHA SPL    
'12303'  ,  POORVA EXPRESS 
'13131'  ,  KOAA ANVT EXP  
'12402'  ,  MAGADH EXPRESS 
'22632'  ,  ANUVRAT EXP    
'18615'  ,  KRIYA YOGA EXP 
'12791'  ,  SC PNBE EXPRESS
'16578'  ,  HRR YPR EXP    
'12053'  ,  HW ASR JNSHTBDI
'14660'  ,  JSM DLI EXPRESS
'12191'  ,  NDLS JBP SUP EX
'22911'  ,  SHIPRA EXPRESS 
'12948'  ,  AZIMABAD EXPRES
'15722'  ,  PAHARIA EXPRESS
'17018'  ,  RAJKOT EXPRESS 
'22608'  ,  ERNAKULAM SF EX
'55150'  ,  MUV GKP PASS   
'12231'  ,  LKO CDG EXPRESS
'14314'  ,  BE LTT EXPRESS 
'18425'  ,  PURI DURG EXP  
'22827'  ,  PURI SURAT EXP 
'15933'  ,  DBRG ASR EXPRES
'12849'  ,  BSP PUNE SUP EX
'16215'  ,  CHAMUNDI EXP   
'14217'  ,  UNCHAHAR EXP   
'12153'  ,  HABIBGANJ EXP  
'14009'  ,  PATALKOT EXP   
'12667'  ,  NAGERCOIL EXP  
'12158'  ,  HUTATMA EXPRESS
'18030'  ,  SHM LTT EXPRESS
'17687'  ,  MARATHWADA PS E
'05010'  ,  GKP SGG SPL    
'13330'  ,  GANGADAMODAR EX
'22810'  ,  PRDP SF EXP    
'12726'  ,  INTERCITY EXP  
'12541'  ,  GKP LTT SUP EXP
'15002'  ,  DDN MFP EXP    
'22109'  ,  LTT NZM AC EXP 
'14006'  ,  LICHCHAVI EXP  
'16618'  ,  RAMESWARAM EXP 
'07265'  ,  TPTY SC SPL    
'18311'  ,  SBP BSB EXPRESS
'18236'  ,  BSP BPL PAS    
'22612'  ,  NJP MAS EXPRESS
'17621'  ,  AWB RU EXPRESS 
'12834'  ,  HWH ADI EXPRESS
'22824'  ,  BUBNESWR RJDHNI
'06228'  ,  MYSORE EXP     
'17236'  ,  BANGALORE EXP  
'12242'  ,  ASR CDG SUP    
'22817'  ,  HWH MYS EXPRESS
'19310'  ,  INDORE GNC EXP 
'22849'  ,  SHM SC WKLY EXP
'12173'  ,  UDYOG NAGRI EXP
'14044'  ,  GARHWAL EXPRESS
'19413'  ,  KOLKATA EXPRESS
'18203'  ,  BETWA EXPRESS  
'15617'  ,  GHY NHLN I C EX
'12931'  ,  ADI DOUBLE DECK
'22458'  ,  UHL NED SF EXP 
'22811'  ,  BBS RAJDHANI EX
'14056'  ,  BRAHMPUTRA MAIL
'12648'  ,  KONGU EXPRESS  
'18304'  ,  PURI SBP INT EX
'18627'  ,  HWH RNC INT EXP
'01154'  ,  CSTM CSN T F SP
'12703'  ,  FALAKNUMA EXP  
'06544'  ,  YESVANTPUR EXP 
'17487'  ,  TIRUMALA EXP   
'13164'  ,  HATE BAZARE EXP
'15044'  ,  KGM LJN EXP    
'19654'  ,  AII RTM EXP    
'15236'  ,  DBG HWH EXPRESS
'14707'  ,  RANAKPUR EXPRES
'19050'  ,  PNBE BDTS EXP  
'18182'  ,  CPR TATA EXP   
'06542'  ,  PVR YPR SPECIAL
'12641'  ,  TIRUKKURAL EXP 
'14864'  ,  MARUDHAR EXPRES
'72451'  ,  RAIL MOTOR     
'15003'  ,  CHAURICHAURAEXP
'12350'  ,  NDLS BGP EXPRES
'22860'  ,  MAS PURI EXPRES
'21107'  ,  KURJ BSB LINK E
'58013'  ,  HWH BKSC PASS  
'22905'  ,  OKHA HOWRAH EXP
'12124'  ,  DECCAN QUEEN   
'12471'  ,  SWARAJ EXPRESS 
'06065'  ,  MAS ERS EXP    
'12711'  ,  PINAKINI EXP   
'16202'  ,  SMET SBC EXP   
'13256'  ,  CDG  PPTA EXP  
'16569'  ,  YPR KCG EXP    
'12111'  ,  CSTM AMRAVATI E
'12466'  ,  INTERCITY EXP  
'18242'  ,  ABKP DURG PAS E
'07717'  ,  PUSHKARAM SPL  
'08401'  ,  PURI SRC SPL   
'12217'  ,  SAMPARK KRANTHI
'14713'  ,  SGNR JAT EXP   
'18628'  ,  RNC HWH INT EXP
'12334'  ,  VIBHUTI EXPRESS
'22942'  ,  JAT INDB SF EXP
'12946'  ,  SURAT EXPRESS  
'12474'  ,  SARVODAYA EXP  
'16612'  ,  CBE TN LINK EXP
'16606'  ,  ERNAD EXPRESS  
'56700'  ,  PUNALUR PASS   
'54806'  ,  JP ADI PASSNGER
'12547'  ,  AF ADI SF EXP  
'18603'  ,  RNC BGP EXPRESS
'12672'  ,  NILAGIRI EXP   
'16178'  ,  ROCKFORT EXPRES
'14865'  ,  MARUDHAR EXPRES
'04413'  ,  DEE SVDK SPL   
'28624'  ,  BARKA RJPB EXP 
'12264'  ,  PUNE DURONTO EX
'18215'  ,  DURG JAT EXPRES
'59076'  ,  BSL ST BCT PASS
'12863'  ,  HWH YPR EXPRESS
'22686'  ,  YPR S KRANTI EX
'14520'  ,  KISAN EXPRESS  
'13240'  ,  KOTA PNBE EXP  
'55601'  ,  KYQ LMG PASS   
'59440'  ,  AHMADABAD PASS 
'12411'  ,  INTERCITY EXP  
'14853'  ,  MARUDHAR EXPRES
'18107'  ,  ROU KRPU EXPRES
'16860'  ,  MAQ CHENNAI EXP
'15015'  ,  GKP YPR EXPRESS
'57652'  ,  RAL SC PASSENGE
'17240'  ,  SIMHADRI EXPRES
'12117'  ,  LTT MANMAD EXP 
'57274'  ,  TPTY UBL PASS  
'19054'  ,  MFP ST EXPRESS 
'16518'  ,  BANGALORE EXP  
'19062'  ,  RMR BDTS EXP   
'22853'  ,  SHM VSKP SF EXP
'13105'  ,  SDAH BUI EXPRES
'14673'  ,  SHAHEED EXPRESS
'58702'  ,  ABKP SDL PASS  
'12710'  ,  SIMHAPURI EXP  
'17301'  ,  MYS DHARWAD EXP
'13118'  ,  LGL KOAA EXPRES
'22688'  ,  CDG MDU SF EXP 
'22611'  ,  MAS NJP EXPRESS
'12866'  ,  LALMATI EXPRESS
'12868'  ,  PDY HOWRAH EXP 
'17305'  ,  NZM LINK EXP   
'09607'  ,  NDT UDZ SPL    
'12042'  ,  NJP HWH SHATABD
'22482'  ,  DEE JU SUP     
'19251'  ,  SMNH OKHA EXP  
'13019'  ,  BAGH EXPRESS   
'14014'  ,  SULTANPUR EXP  
'12747'  ,  PALNADU EXP    
'16183'  ,  UZHAVAN EXPRESS
'19030'  ,  DEE BDTS EXP   
'19223'  ,  ADI JAT EXPRESS
'12958'  ,  ADI SJ RAJDHANI
'14008'  ,  SADHBHAWNA EXP 
'06063'  ,  TIRUNELVELI EXP
'17488'  ,  TIRUMALA EXPRES
'12924'  ,  NGP INDORE EXP 
'12115'  ,  SIDDHESHWAR EXP
'11031'  ,  SUR BIJAPUR EXP
'12879'  ,  LTT BBS SUP EXP
'22846'  ,  HTE PUNE EXP   
'18048'  ,  VSG HOWRAH EXP 
'11014'  ,  LOKMANYA TT EXP
'13027'  ,  KAVI GURU EXP  
'56503'  ,  VIJAYAWADA PASS
'16312'  ,  BIKANER EXPRESS
'04928'  ,  CDG BSB SPECIAL
'12326'  ,  NLDM KOAA EXP  
'11098'  ,  POORNA EXPRESS 
'12978'  ,  MARU SAGAR EXP 
'18645'  ,  EAST COAST EXP 
'06335'  ,  GHY KCVL SPECIA
'12109'  ,  PANCHAVATI EXP 
'12241'  ,  CDG ASR SUP    
'12661'  ,  POTHIGAI  EXP  
'17302'  ,  DWR MYSORE EXP 
'22865'  ,  LTT PURI SUP EX
'07712'  ,  PUSHKARAM SPL  
'17639'  ,  KCG AK EXP     
'12211'  ,  ANVT GARIB RATH
'00851'  ,  BNC SUVIDHA SPL
'18573'  ,  VSKP BGKT EXP  
'07708'  ,  PUSHKARAM SPL  
'12581'  ,  MUV NDLS S F EX
'54802'  ,  AII JU FAST PAS
'12064'  ,  UHL HW LINK JSH
'13302'  ,  SUBARNAREKHA EX
'16128'  ,  GUV CHENNAI EXP
'12329'  ,  W B SMPRK KRNTI
'15280'  ,  POORABIYA EXP  
'16573'  ,  PUDUCHERRY EXP 
'16346'  ,  NETRAVATHI EXP 
'15651'  ,  LOHIT EXPRESS  
'13287'  ,  SOUTH BIHAR EXP
'11097'  ,  POORNA EXPRESS 
'12731'  ,  TPTY SC EXP    
'12607'  ,  LALBAGH EXPRESS
'84369'  ,  TRIBENI EXPRESS
'12482'  ,  INTERCITY EXP  
'13404'  ,  VANANCHAL EXP  
'17232'  ,  NSL NS EXP     
'57477'  ,  TPTY GTL PASS  
'19612'  ,  ASR AJMER EXP  
'05817'  ,  APDJ DBB SPECIA
'22646'  ,  AHILYANAGARI EX
'22826'  ,  MAS SHM EXP    
'14042'  ,  MUSSOORIE EXP  
'17429'  ,  RAYALASEEMA EXP
'12689'  ,  NAGERCOIL EXP  
'22909'  ,  BL  PURI S F EX
'13063'  ,  HWH BLGT EXP   
'12104'  ,  LJN PUNE EXP   
'53050'  ,  MKA HWH  PASS  
'12720'  ,  HYB AII SUP EXP
'17406'  ,  KRISHNA EXP    
'14626'  ,  DEE INTERCITY  
'12131'  ,  DR SAINAGAR EXP
'13234'  ,  RAJGRIHA EXPRES
'56641'  ,  MAO MAQ PASS   
'18646'  ,  EAST COAST EXP 
'22825'  ,  SHM MAS SF EXP 
'22996'  ,  AII BDTS SF EXP
'22443'  ,  CNB BDTS SF    
'12410'  ,  GONDWANA EXPRES
'22679'  ,  SVDK PREMIUM EX
'13133'  ,  SDAH BSB EXP   
'18448'  ,  HIRAKHAND EXP  
'16617'  ,  COIMBATORE EXP 
'54701'  ,  BTI LGH PASNGER
'19323'  ,  INTERCITY EXP  
'12738'  ,  GOUTAMI EXP    
'14154'  ,  ASR CNB EXPRESS
'15307'  ,  NAINITAL EXP   
'12263'  ,  NZM DURONTO EXP
'16516'  ,  KAWR YPR EXPRES
'19005'  ,  SAURASHTRA MAIL
'11033'  ,  DARBHANGA EXP  
'18105'  ,  ROU BBS INT EXP
'12311'  ,  HWH DLI KLK MAI
'14007'  ,  SADBHAWNA EXP  
'12333'  ,  VIBHUTI EXPRESS
'11089'  ,  BGKTPUNE EXPRES
'22832'  ,  HOWRAH EXP     
'02510'  ,  KYQ BNC SUVIDHA
'12198'  ,  BPL INTERCITY  
'16022'  ,  KAVERI EXPRESS 
'12876'  ,  NEELACHAL EXP  
'22207'  ,  SUPER AC EXP   
'12155'  ,  BHOPAL  EXPRESS
'19308'  ,  CDG  INDB  EXP 
'12445'  ,  UTTAR S KRANTI 
'16565'  ,  MANGALOREEXP   
'12396'  ,  ZIYARAT EXPRESS
'58871'  ,  BTC JBP PASS   
'12907'  ,  BDTS SMPRK K EX
'12532'  ,  GKP INTERCITY  
'12658'  ,  CHENNAI MAIL   
'12005'  ,  KALKA SHTBDI   
'15648'  ,  GHY LTT EXPRESS
'14511'  ,  NAUCHANDI EXP  
'12768'  ,  NED  WKLY  EXP 
'12566'  ,  BIHAR S KRANTI 
'12457'  ,  DEE BKN  S F EX
'12446'  ,  UTTAR S KRANTI 
'12951'  ,  MUMBAI RAJDHANI
'12536'  ,  LJN GARIBRATH  
'11403'  ,  NGP KOP EXPRESS
'13347'  ,  PALAMOU EXPRESS
'19422'  ,  PNBE ADI EXP   
'07723'  ,  PUSHKARAM SPL  
'17623'  ,  NED BKN EXP    
'01149'  ,  BSL CSN T F SPL
'12825'  ,  JHRKHND S KRANT
'12533'  ,  PUSHPAK EXP    
'58113'  ,  TATA BSP PASS  
'13008'  ,  U A TOOFAN EXP 
'15712'  ,  KIR HWH EXPRESS
'12501'  ,  PORVOTR S KRNTI
'08246'  ,  BKN BSP SPL    
'04408'  ,  DLI DBG SPL    
'59013'  ,  BHUSAVAL PASS  
'14806'  ,  BME YPR AC EXP 
'18208'  ,  AII DURG EXP   
'14004'  ,  NDLS MLDT EXP  
'15115'  ,  LOK NAYAK EXP  
'22461'  ,  SHRI SHAKTI EXP
'04403'  ,  LKO ANVT SPL   
'12815'  ,  NANDAN KANAN EX
'12817'  ,  JHARKHAND SJ EX
'13010'  ,  DOON EXPRESS   
'22918'  ,  HW BDTS SF EXP 
'12767'  ,  NED  SRC SUP EX
'12611'  ,  NZM GARIB RATH 
'12695'  ,  TRIVANDRUM EXP 
'17616'  ,  KACHEGUDA EXP  
'15941'  ,  JHAJHA DBRG EXP
'12279'  ,  TAJ EXPRESS    
'14035'  ,  DAULADHAR EXP  
'15160'  ,  SARNATH EXPRESS
'12019'  ,  SHATABDI EXPRES
'15026'  ,  ANVT MAU EXP   
'19312'  ,  IND PUNE EXPRES
'18103'  ,  JALIANWALA B EX
'15817'  ,  DBB SHTT RR EXP
'17315'  ,  VELANKANNI EXP 
'12305'  ,  KOLKATA RJDHNI 
'16590'  ,  RANICHENNAMA EX
'19601'  ,  UDZ NJP EXP    
'11076'  ,  BIDR LTT EXP   
'12678'  ,  BANGALORE EXP  
'17316'  ,  VLNK VSG EXP   
'13415'  ,  MLDT PNBE EXPRE
'16537'  ,  NAGERCOIL  EXP 
'12391'  ,  SHRAMJEEVI EXP 
'15031'  ,  RMR CDG EXP    
'18418'  ,  RAJYA RANI EXP 
'13511'  ,  TATA ASN EXP   
'15024'  ,  YPR GKP EXP    
'11041'  ,  CSTM CHENNAI EX
'19708'  ,  ARAVALI EXPRESS
'12374'  ,  RPH SDAH INTRCT
'12270'  ,  MAS DURONTO EXP
'12642'  ,  THIRUKKURAL EXP
'52575'  ,  JOYRIDE DIESEL 
'14015'  ,  SADBHAWANA EXP 
'12375'  ,  MAS ASN EXPRESS
'22479'  ,  JSM BKN EXPRESS
'19565'  ,  UTTARANCHAL EXP
'19060'  ,  SURAT INTERCITY
'12871'  ,  ISPAT EXPRESS  
'22133'  ,  SUR YPR SUP EXP
'11052'  ,  KOP SOLAPUR EXP
'16175'  ,  KARAIKAL EXP   
'16614'  ,  RAJKOT EXPRESS 
'19046'  ,  TAPTI GANGA EXP
'12296'  ,  SANGHA MITRA EX
'12636'  ,  VAIGAI EXP     
'22655'  ,  TVC NZM EXPRESS
'18629'  ,  RNC NJP EXP    
'02779'  ,  VSG SBC LINK EX
'12397'  ,  MAHABODHI EXP  
'16340'  ,  MUMBAI EXPRESS 
'16650'  ,  PARASURAM EXP  
'11450'  ,  JAT  JBP EXPRES
'07301'  ,  TALGUPPA EXP   
'17202'  ,  GOLCONDA EXP   
'17405'  ,  KRISHNA EXPRESS
'14369'  ,  TRIBENI EXPRESS
'13020'  ,  BAGH EXPRESS   
'16344'  ,  AMRITHA EXPRESS
'13413'  ,  FARAKKA EXPRESS
'18447'  ,  HIRAKHAND EXP  
'11004'  ,  RAJYA RANI EXP 
'12458'  ,  BKN DEE S F EXP
'22893'  ,  SNSI HWH SUP EX
'22401'  ,  DEE UHP AC SUP 
'18637'  ,  HTE YPR EXP    
'12806'  ,  JANMABHOOMI EXP
'58870'  ,  JBP BTC PASS   
'13152'  ,  KOLKATA EXP    
'15227'  ,  MUZAFFARPUR EXP
'04406'  ,  NDLS LKO SPL   
'12344'  ,  DARJEELING MAIL
'16053'  ,  TIRUPATHI EXP  
'12266'  ,  DURONTO EXPRESS
'04927'  ,  BSB CDG SPECIAL
'04407'  ,  DLI SPL        
'16526'  ,  KANYAKUMARI EXP
'12943'  ,  UDYOGKARMI EXP 
'57564'  ,  NED HYB PAS    
'15639'  ,  PURI GHY EXPRES
'19419'  ,  MAS ADI EXPRESS
'14203'  ,  BSB LKO INTRCIT
'12167'  ,  LTT BSB SUP EXP
'22927'  ,  LOK SHAKTI EXP 
'01082'  ,  BSL DR T F SPL 
'17307'  ,  BASAVA EXPRESS 
'59307'  ,  INDB AII LINK E
'12927'  ,  VADODARA EXP   
'74640'  ,  SINA   BAHL    
'13154'  ,  GOUR EXP       
'16610'  ,  NAGERCOIL EXP  
'18412'  ,  INTER CITY EXP 
'10001'  ,  SATPURA EXPRESS
'19710'  ,  KYQ JP KAVIGURU
'17205'  ,  SNSI CCT EXP   
'19204'  ,  BVC BDTS EXPRES
'12986'  ,  JP DOUBLE DCKER
'17624'  ,  BKN NED EXP    
'12324'  ,  NDLS HWH EXPRES
'57273'  ,  UBL TIRUPATI PA
'18474'  ,  JU PURI EXPRESS
'12413'  ,  AII JAT EXPRESS
'12449'  ,  GOA SMPRK K EXP
'12554'  ,  VAISHALI EXP   
'24227'  ,  VARUNA EXPRESS 
'12763'  ,  PADMAVATHI EXP 
'22131'  ,  GYAN GANGA EXP 
'58832'  ,  CWA RMO NGP PAS
'12886'  ,  ARANYAK EXPRESS
'16857'  ,  MANGALORE EXP  
'12522'  ,  RAPTISAGAR EXP 
'14625'  ,  FZR INTERCITY  
'12674'  ,  CHERAN EXPRESS 
'24888'  ,  BME HW LINK EXP
'17204'  ,  CCT BVC EXPRESS
'19329'  ,  UDAIPUR CITY EX
'12981'  ,  CHETAK EXP     
'03236'  ,  DNR SBG SPL    
'12403'  ,  ALD JP EXPRESS 
'22931'  ,  BDTS JSM EXP   
'12169'  ,  SUR INTERCITY  
'22649'  ,  YERCAUD EXPRESS
'12123'  ,  DECCAN QUEEN   
'22616'  ,  TIRUPATHI EXP  
'14706'  ,  BGKT DEE EXP   
'13147'  ,  UTTAR BANGA EXP
'19411'  ,  AJMER INTERCITY
'14043'  ,  GARHWAL EXPRESS
'11077'  ,  JHELUM EXPRESS 
'22629'  ,  DADAR TEN EXP  
'12777'  ,  KOCHUVELI EXP  
'19666'  ,  UDZ KURJ EXP   
'13054'  ,  SURI HWH EXP   
'12444'  ,  ANVT HLZ S F EX
'19011'  ,  GUJARAT EXPRESS
'19047'  ,  ST BHAGALPUR EX
'12955'  ,  BCT JP EXPRESS 
'12226'  ,  KAIFIYAT EXP   
'14211'  ,  INTERCITY EXP  
'14207'  ,  PADMAVAT EXPRES
'51034'  ,  CSTM FAST PASS 
'16616'  ,  CHEMMOZHI EXP  
'12606'  ,  PALLAVAN EXP   
'12821'  ,  DHAULI EXP     
'15027'  ,  MAURYA EXP     
'12284'  ,  NZM ERS DURONTO
'12877'  ,  RNC GARIB RATH 
'12988'  ,  AII SDAH EXPRES
'13153'  ,  GOUR EXPRESS   
'12259'  ,  NDLS  DURONTO  
'22161'  ,  RAJYA RANI EXP 
'12138'  ,  PUNJAB MAIL    
'16333'  ,  VRL TVC EXPRESS
'12282'  ,  BBS DURONTO EXP
'12260'  ,  SDAH DURONTO EX
'13155'  ,  MITHILANCHAL EX
'22607'  ,  BANGALORE SF EX
'12361'  ,  ASN CSTM EXPRES
'22835'  ,  SHM PURI SF EXP
'12663'  ,  HWH TPJ EXPRESS
'16230'  ,  BSB MYS EXP    
'22691'  ,  RAJDHANI EXP   
'22487'  ,  RDP ANVT LINK E
'13246'  ,  CAPITAL EXP    
'15006'  ,  DDN GKP EXP    
'16501'  ,  ADI YPR EXPRESS
'12469'  ,  CNB JAT EXPRESS
'12495'  ,  BKN KOAA SUP EX
'12486'  ,  SGNR NED EXPRES
'12984'  ,  CDG AII G RATH 
'12865'  ,  LALMATI EXPRESS
'12145'  ,  LTT PURI SUP EX
'11013'  ,  COIMBATORE EXP 
'12963'  ,  MEWAR EXPRESS  
'22935'  ,  BDTS PIT SF EXP
'15308'  ,  NAINITAL EXP   
'22915'  ,  BDTS HSR SF EXP
'16203'  ,  TIRUPATHY EXP  
'11061'  ,  MUZAFFARPUR EXP
'22402'  ,  UHP DEE AC SUP 
'14155'  ,  CNB JAT EXP    
'12142'  ,  RJPB LTT EXP   
'56701'  ,  MADURAI PASSR  
'12349'  ,  BGP NDLS EXP   
'17057'  ,  DEVAGIRI EXP   
'16129'  ,  MS TN LINK EXP 
'22805'  ,  BBS NDLS SUP EX
'13424'  ,  AII BGP EXP    
'11020'  ,  KONARK EXPRESS 
'10111'  ,  KONKAN KANYA EX
'19714'  ,  SC JP EXP      
'16528'  ,  YESVANTPUR EXP 
'05065'  ,  CPR LJN SPL    
'11037'  ,  PA GORAKHPUR EX
'13142'  ,  TESTA TORSA EXP
'12490'  ,  DDR BIKANER EXP
'12801'  ,  PURUSHOTTAM EXP
'12805'  ,  JANMABHOOMI EXP
'51753'  ,  REWA CHRM F PAS
'15159'  ,  SARNATH EXPRESS
'54253'  ,  PYG LKO PASS   
'12940'  ,  JP PUNE SF EXP 
'57550'  ,  HYDERABAD PASS 
'23346'  ,  SKTN BSB INTER 
'52453'  ,  KALKA SIMLA EXP
'12942'  ,  PARASNATH EXP  
'15049'  ,  KOAA  GKP  EXP 
'12014'  ,  AMRITSAR SHTBDI
'22641'  ,  SHALIMAR EXP   
'12613'  ,  TIPPU EXPRESS  
'11062'  ,  MFP LTT EXPRESS
'12646'  ,  ERS MILLENUM EX
'12854'  ,  AMARKANTAK EXP 
'17234'  ,  BHAGYANAGAR EXP
'11306'  ,  SOLAPUR CSTM EX
'22812'  ,  BUBNESWR RJDHNI
'12534'  ,  PUSHPAK EXPRESS
'22620'  ,  TEN BILASPUR EX
'12018'  ,  DEHRADUN SHTBDI
'17058'  ,  DEVAGIRI EXP   
'12011'  ,  KALKA SHTBDI   
'17622'  ,  RU AWB EXPRESS 
'01420'  ,  PAU KOP SPL    
'12021'  ,  BBN JANSHATABDI
'11703'  ,  REWA INDB EXP  
'18515'  ,  TATA VSKP EXP  
'13160'  ,  JBN KOLKATA EXP
'18507'  ,  VSKP ASR HKG EX
'12950'  ,  PBR KAVIGURU EX
'04414'  ,  SVDK DEE SPL   
'14312'  ,  ALA HAZRAT EXP 
'11101'  ,  PUNE GWALIOR EX
'14502'  ,  JAT BTI EXP    
'13052'  ,  HOOL EXPRESS   
'14041'  ,  MUSSOORIE EXP  
'07323'  ,  MAS HUBLI EXP  
'52454'  ,  SML KLK EXPRESS
'13348'  ,  PALAMOU EXP    
'12013'  ,  AMRITSAR SHTBDI
'12835'  ,  HTE YPR EXPRESS
'16350'  ,  RAJYA RANI EXP 
'12724'  ,  A P EXPRESS    
'19222'  ,  SOMNATH EXPRESS
'19309'  ,  GNC INDORE EXP 
'22455'  ,  SNSI KLK SUP EX
'15708'  ,  ASR KIR EXPRESS
'12342'  ,  AGNIBINA EXPRES
'59393'  ,  DHD HBJ FAST PA
'16502'  ,  AHMADABAD EXP  
'01714'  ,  HBJ CSTM SUP SP
'12721'  ,  NIZAMUDDIN EXP 
'18504'  ,  SNSI VSKP EXP  
'12840'  ,  HOWRAH MAIL    
'12558'  ,  SAPT KRANTI EXP
'22112'  ,  NGP BSL SUP EXP
'11025'  ,  BSL PUNE EXP   
'22351'  ,  PPTA YPR EXP   
'12549'  ,  DURG JAT SF EXP
'12694'  ,  PEARL CITY EXP 
'11059'  ,  CHHAPRA EXPRESS
'12467'  ,  LEELAN EXP     
'02111'  ,  LTT LKO AC SPL 
'12057'  ,  UHL JANSHATABDI
'17318'  ,  LTT HUBLI EXP  
'12055'  ,  DDN JANSHTBDI  
'12995'  ,  BDTS AII UDZ EX
'15025'  ,  MAU ANVT EXPRES
'12811'  ,  HATIA EXPRESS  
'12952'  ,  MUMBAI RAJDHANI
'07704'  ,  PUSHKARAM SPL  
'17063'  ,  AJANTA EXPRESS 
'05968'  ,  DBRG RNY SPECIA
'12725'  ,  INTERCITY EXP  
'12511'  ,  RAPTI SAGAR EXP
'11471'  ,  INDB JBP EXP   
'18002'  ,  KANDARI EXPRESS
'22866'  ,  PURI LTT SF EXP
'22113'  ,  LTT KCVL EXPRES
'12073'  ,  BBS JAN SHATABD
'12723'  ,  A P EXP        
'13165'  ,  KOAA SMI EXPRES
'11043'  ,  MADURAI EXPRESS
'12298'  ,  ADI DURONTO EXP
'12883'  ,  RUPASIBANGLA EX
'16236'  ,  TUTICORIN EXP  
'24369'  ,  TRIBENI EXPRESS
'22206'  ,  MAS DURONTO EXP
'07707'  ,  PUSHKARAM SPL  
'12222'  ,  HWH PUNE DURONT
'12376'  ,  ASN MAS EXPRESS
'15652'  ,  LOHIT EXPRESS  
'14116'  ,  HW ALD EXP     
'12360'  ,  KOL GARIB RATH 
'12178'  ,  CHAMBAL EXPRESS
'12514'  ,  GHY SC EXPRESS 
'12859'  ,  GITANJALI EXP  
'12936'  ,  SURAT BDTS EXP 
'13187'  ,  SDAH RPH EXP   
'14164'  ,  SANGAM EXP     
'12309'  ,  RJPB RAJDHANI  
'12267'  ,  ADI DURONTO EXP
'12620'  ,  MATSYAGANDA EXP
'15047'  ,  PURBANCHAL EXP 
'12696'  ,  TVC CHENNAI EXP
'14163'  ,  SANGAM EXPRESS 
'56904'  ,  DWR SUR PASSENG
'12365'  ,  RNC JANSHATABDI
'12154'  ,  HBJ LTT SUP EXP
'04924'  ,  NLDM LKO SF SPL
'58840'  ,  JBP NIR NGP PAS
'14216'  ,  GANGA GOMTI EXP
'12002'  ,  BHOPAL SHTBDI  
'11106'  ,  PRATHAM S SNGRM
'12404'  ,  JP  ALD EXPRESS
'17006'  ,  DBG HYB EXPRESS
'15631'  ,  BME GHY EXPRESS
'12816'  ,  NANDAN KANAN EX
'17402'  ,  MTM TPTY EXP   
'12487'  ,  SEEMANCHAL EXP 
'22480'  ,  BKN JSM EXPRESS
'15720'  ,  INTERCITY      
'15818'  ,  SHTT DBB RR EXP
'14866'  ,  MARUDHAR EXPRES
'22352'  ,  PATLIPUTRAEXP  
'19421'  ,  ADI PNBE EXPRES
'16534'  ,  SBC JODHPUR EXP
'19566'  ,  UTTARANCHAL EXP
'14313'  ,  BAREILLY EXP   
'18108'  ,  KRPU ROU EXPRES
'12647'  ,  KONGU EXPRESS  
'14526'  ,  UMB INTERCITY  
'22483'  ,  JU GIMB SF EXP 
'15030'  ,  PUNE GKP EXPRES
'12101'  ,  JNANESWARI DELX
'17688'  ,  MARATHWADA EXP 
'14218'  ,  UNCHAHAR EXP   
'12417'  ,  PRAYAG RAJ EXP 
'12701'  ,  HUSAINSAGAR EXP
'19614'  ,  ASR AII EXP    
'12459'  ,  NDLSASR EXPRESS
'12629'  ,  SAMPARK KRANTI 
'13508'  ,  GKP ASN EXPRESS
'11454'  ,  PRERANA EXPRESS
'11015'  ,  KUSHINAGAR EXP 
'13429'  ,  MLDT ANVT EXP  
'22814'  ,  PRDP SRC SF EXP
'12070'  ,  JANSHATABDI EXP
'16176'  ,  CHENNAI EXP    
'16126'  ,  JU MS EXPRESS  
'12618'  ,  MNGLA LKSDP EXP
'11204'  ,  JP NGP EXP     
'12112'  ,  AMRAVATI CSTM E
'12567'  ,  RAJYA RANI EXP 
'22910'  ,  PURI VALSAD EXP
'12994'  ,  PURI GIMB  EXP 
'11024'  ,  SAHYADRI EXP   
'12144'  ,  SLN LTT SF     
'12189'  ,  MAHAKAUSHAL EXP
'12320'  ,  AGC KOAA EXP   
'14018'  ,  SADBHAVNA EXP  
'16531'  ,  SBC GARIB NAWAJ
'12739'  ,  VSKP GARIB RATH
'18496'  ,  BBS RMM EXPRESS
'15205'  ,  CHITRAKUT  EXP 
'12015'  ,  AJMER SHTBDI   
'01402'  ,  NGP SUR T F SPL
'12880'  ,  BBS LTT SF EXP 
'22652'  ,  PALANI MAS EXP 
'06066'  ,  CHENNAI EXP    
'12954'  ,  AG KRANTI RJDHN
'22101'  ,  RAJYA RANI EXP 
'14219'  ,  BSB LKO EXP    
'19301'  ,  YESHVANTPUR EXP
'09808'  ,  NZM KOTA SF SPL
'14017'  ,  SADBHAVNA EXP  
'22695'  ,  YPR JP PREMIUM 
'12235'  ,  DBRG NDLS RAJEX
'22803'  ,  HWH SBP SUP EXP
'19018'  ,  SAU JANATA EXP 
'18518'  ,  VSKP KRBA EXPRE
'13402'  ,  INTERCITY  EXP 
'13282'  ,  RJPB NTSK EXP  
'14236'  ,  BE BSB EXPRESS 
'17208'  ,  BZA SNSI EXP   
'22653'  ,  NIZAMUDDIN  EXP
'14888'  ,  BARMER  KLK EXP
'12676'  ,  KOVAI EXP      
'19417'  ,  ADI ALD EXPRESS
'17032'  ,  MUMBAI EXP     
'19569'  ,  OKHA BSB EXPRES
'12934'  ,  KARNAVATI EXP  
'12033'  ,  CNB NDLS SHT   
'19574'  ,  JP OKHA EXP    
'16205'  ,  MYSORE EXPRESS 
'12783'  ,  VSKP SC AC EXP 
'19325'  ,  IND AMRITSAR EX
'12553'  ,  VAISHALI EXP   
'22464'  ,  RJSTHN S KRNTI 
'11704'  ,  REWA EXPRESS   
'22857'  ,  SRC ANVT SF EXP
'16593'  ,  NED SBC EXP    
'17321'  ,  UBL LTT EXP    
'12639'  ,  BRINDAVAN EXP  
'19029'  ,  BDTS DEE EXPRES
'12737'  ,  GOUTAMI EXP    
'19576'  ,  NDT OKHA EXP   
'22477'  ,  JU JP SF EXP   
'22639'  ,  ALLEPPEY EXP   
'12614'  ,  TIPPU EXPRESS  
'19802'  ,  INTERCITY EXP  
'13332'  ,  PNBE DHN EXPRES
'17016'  ,  VISAKHA EXP    
'28242'  ,  CHRM DURG PAS E
'57258'  ,  TIRUPATI PSGR  
'12623'  ,  TRIVANDRUM MAIL
'22647'  ,  KRBA TVC EXPRES
'16863'  ,  BGKT MQ EXPRESS
'17320'  ,  SC  UBL EXP    
'11063'  ,  MS SALEM EXP   
'13414'  ,  FARKKA EXPRESS 
'12227'  ,  INDORE DURONTO 
'12067'  ,  JAN SHATABDI EX
'12354'  ,  LKU HWH EXP    
'16316'  ,  BANGALORE EXP  
'13018'  ,  GANADEVTA EXP  
'12771'  ,  SC NGP SUP EXP 
'12379'  ,  JALIANWALAB EXP
'12666'  ,  CAPE HOWRAH EXP
'12845'  ,  BBS YPR SUP EXP
'12432'  ,  TRIVNDRM RJDHNI
'12147'  ,  NIZAMUDDIN EXP 
'58530'  ,  VSKP DURG PAS  
'15905'  ,  DBRG  VIVEK EXP
'22916'  ,  HSR BDTS S F EX
'12257'  ,  KOCHUVELI GR   
'14213'  ,  BSB GD INTERCIT
'12652'  ,  T N SMPRK KRNTI
'14606'  ,  GARIB RATH EXP 
'11078'  ,  JHELUM EXPRESS 
'12660'  ,  GURUDEV EXPRESS
'52457'  ,  KLK SML PASS   
'12355'  ,  ARCHNA EXPRESS 
'11019'  ,  KONARK EXPRESS 
'11040'  ,  MAHARASHTRA EXP
'12176'  ,  CHAMBAL EXPRESS
'13255'  ,  PPTA CDG EXP   
'12278'  ,  SATABDI EXPRESS
'13132'  ,  ANVT KOAA EXP  
'12420'  ,  GOMTI EXPRESS  
'57306'  ,  GNT KCG  PASS  
'15032'  ,  CDG RMR  EXP   
'19718'  ,  CDG JP INTERCIT
'18104'  ,  JALIANWALA B EX
'22638'  ,  WEST COAST EXP 
'11110'  ,  LJN JHS INT EXP
'19804'  ,  JAT KOTA EXP   
'19453'  ,  GIMB PURI EXP  
'18312'  ,  BSB SBP EXPRESS
'22656'  ,  NZM TVC SF EXP 
'12769'  ,  SEVEN HILLS EXP
'52588'  ,  DJ KGN NG TRAIN
'12455'  ,  DEE BKN SF EXP 
'18426'  ,  DURG PURI EXP  
'22901'  ,  UDZ SUPER FAST 
'12063'  ,  HW UHL LINK JSH
'12679'  ,  COIMBATORE EXP 
'12869'  ,  HOWRAH SUP EXP 
'22149'  ,  ERS PUNE EXPRES
'14311'  ,  ALA HAZRAT EXP 
'22858'  ,  ANVT SRC SF EXP
'11205'  ,  LTT NZB EXPRESS
'22310'  ,  NJP HWH AC EXP 
'11009'  ,  SINHAGAD EXP   
'12288'  ,  DDN KCVL SUP EX
'15021'  ,  SHM GKP EXPRESS
'12319'  ,  KOAA AGC EXPRES
'13185'  ,  GANGASAGAR EXP 
'18616'  ,  KRIYA YOGA EXP 
'15011'  ,  LJN CDG EXPRESS
'57264'  ,  NS VSKP PASSR  
'18410'  ,  SRIJAGANNATH EX
'51452'  ,  BRMT PUNE PAS  
'12254'  ,  ANGA EXPRESS   
'12686'  ,  CHENNAI EXP    
'12979'  ,  JAIPUR SUP FAST
'22103'  ,  LTT FD SUP EXP 
'72452'  ,  RAIL MOTOR     
'16570'  ,  KCG YPR EXP    
'15621'  ,  KYQ ANVT EXPRES
'16505'  ,  GIMB SBC EXPRES
'12939'  ,  PUNE JAIPUR EXP
'08301'  ,  SBP YPR SPECIAL
'59389'  ,  BHOPAL PASSENGE
'22186'  ,  BPL DOUBLE DECK
'15016'  ,  YPR GORAKPUR EX
'19033'  ,  GUJARAT QUEEN  
'22209'  ,  NDLS DURONTO EX
'12228'  ,  MUMBAI DURONTO 
'12590'  ,  GORAKHPUR EXP  
'12103'  ,  PA LUCKNOW EXP 
'12401'  ,  MAGADH EXPRESS 
'12733'  ,  NARAYANADRI EXP
'01711'  ,  CSTM JBP SPL   
'11271'  ,  VINDHYACHAL EXP
'19580'  ,  DEE RJT EXP    
'18697'  ,  KOSHI EXP      
'22881'  ,  PUNE BBS EXPRES
'12204'  ,  SHC GARIB RATH 
'21068'  ,  SAKET LINK EXP 
'12283'  ,  ERS NZM DURONTO
'17430'  ,  RAYALASEEMA EXP
'53175'  ,  SDAH LGL PGR   
'14010'  ,  PATALKOT EXP   
'19006'  ,  SAURASHTRA MAIL
'15668'  ,  KYQ GIMB EXPRES
'22854'  ,  VSKP SHM SF EXP
'56903'  ,  SUR DHARWAR PAS
'12626'  ,  KERALA EXPRESS 
'19116'  ,  BHUJ BDTS EXP  
'15484'  ,  MAHANANDA EXP  
'18625'  ,  PNBE HTE EXPRES
'12048'  ,  BTI NDLS SHTBDI
'17609'  ,  PNBE  PAU EXP  
'52452'  ,  SHIVALK DLX EXP
'13108'  ,  MAITREE EXPRESS
'58229'  ,  BSP REWA FST PG
'13064'  ,  BLGT HWH EXPRES
'22878'  ,  PURI DIGHA EXP 
'23226'  ,  DNR SHC LINK EX
'59460'  ,  VRL BCT PASS EX
'14034'  ,  JAMMU MAIL     
'12442'  ,  BILASPUR RJDHNI
'12852'  ,  BILASPUR EXPRES
'22936'  ,  PIT BDTS SF EXP
'57129'  ,  BOLARUM PASSR  
'16382'  ,  CAPE MUMBAI EXP
'12443'  ,  HLZ ANVT WKLY S
'12140'  ,  SEWAGRAM  EXP  
'15928'  ,  DBRG RNY EXPRES
'16629'  ,  MALABAR EXP    
'12975'  ,  JAIPUR EXPRESS 
'52076'  ,  MVJ MJ PASS    
'21125'  ,  INDORE BHIND EX
'11074'  ,  CHENNAI LTT EXP
'15004'  ,  CHAURICHAURAEXP
'17415'  ,  HARIPRIYA EXP  
